,lookback,n_units,batch_size,ln_rate,train_loss,val_loss,train_acc,val_acc,test_acc
0,5,16,100,0.001,"[0.2710131624309099, 0.270897371069345, 0.2708471432533036, 0.2708217127058638, 0.2708085124817558, 0.2708012179124241, 0.2707968722200531, 0.2707941658887697, 0.2707923705530894, 0.2707911271276562, 0.2707902061714268, 0.27078950282884784, 0.27078895200544617, 0.27078851070928694, 0.27078812823759385]","[0.236578733910548, 0.23650340230454434, 0.23646722858697833, 0.23644816954230422, 0.23643780437335044, 0.23643163621163052, 0.23642780313407796, 0.23642525352570454, 0.23642346354833257, 0.23642220292322436, 0.23642122561711046, 0.23642045338248366, 0.23641982661469918, 0.23641928518396116, 0.23641880992225614]","[0.72921264, 0.72921264, 0.72921264, 0.72921264, 0.72921264, 0.72921264, 0.72921264, 0.72921264, 0.72921264, 0.72921264, 0.72921264, 0.72921264, 0.72921264, 0.72921264, 0.72921264]","[0.7246696, 0.7246696, 0.7246696, 0.7246696, 0.7246696, 0.7246696, 0.7246696, 0.7246696, 0.7246696, 0.7246696, 0.7246696, 0.7246696, 0.7246696, 0.7246696, 0.7246696]",0.7442477941513062
1,5,16,100,0.005,"[0.27086920104117956, 0.27079247923994243, 0.27078781348682407, 0.2707867021035118, 0.2707862154517076, 0.2707859806282273, 0.27078584990462473, 0.27078577469814236, 0.2707857324985177, 0.2707856998947692, 0.2707856842324532, 0.27078567108000806, 0.27078566329957576, 0.2707856820865153, 0.2707856687615641]","[0.2364327692250323, 0.23641934321315278, 0.2364172063735088, 0.2364164073561782, 0.23641605077861164, 0.23641587905421657, 0.23641576693446625, 0.23641570732982148, 0.23641566794349234, 0.2364156411607885, 0.23641561490323576, 0.23641561490323576, 0.23641560833884756, 0.23641560833884756, 0.23641560833884756]","[0.72921264, 0.72921264, 0.72921264, 0.72921264, 0.72921264, 0.72921264, 0.72921264, 0.72921264, 0.72921264, 0.72921264, 0.72921264, 0.72921264, 0.72921264, 0.72921264, 0.72921264]","[0.7246696, 0.7246696, 0.7246696, 0.7246696, 0.7246696, 0.7246696, 0.7246696, 0.7246696, 0.7246696, 0.7246696, 0.7246696, 0.7246696, 0.7246696, 0.7246696, 0.7246696]",0.7442477941513062
2,5,16,100,0.1,"[0.27080956444341525, 0.27078579912904344, 0.2707856786741517, 0.2707856808018435, 0.2707856546541529, 0.2707856685794237, 0.27078566687416317, 0.2707856679713566, 0.2707856801259842, 0.2707856774331748, 0.27078567010650245, 0.27078565888411804, 0.27078566992729464, 0.2707856694741154, 0.27078566722630937]","[0.23641609672932898, 0.23641563459640033, 0.23641561490323576, 0.23641560833884756, 0.23641560833884756, 0.23641560833884756, 0.23641560833884756, 0.23641560833884756, 0.23641560833884756, 0.23641560833884756, 0.23641560833884756, 0.23641560833884756, 0.23641560833884756, 0.23641560833884756, 0.23641560833884756]","[0.72921264, 0.72921264, 0.72921264, 0.72921264, 0.72921264, 0.72921264, 0.72921264, 0.72921264, 0.72921264, 0.72921264, 0.72921264, 0.72921264, 0.72921264, 0.72921264, 0.72921264]","[0.7246696, 0.7246696, 0.7246696, 0.7246696, 0.7246696, 0.7246696, 0.7246696, 0.7246696, 0.7246696, 0.7246696, 0.7246696, 0.7246696, 0.7246696, 0.7246696, 0.7246696]",0.7442477941513062
3,5,16,500,0.001,"[0.2710592335408477, 0.27101818548352336, 0.2709850576437365, 0.27095798982148783, 0.2709354171895762, 0.2709161382783474, 0.27089969989625967, 0.27088544400565656, 0.2708732294011273, 0.27086256666856856, 0.27085331848052485, 0.27084532607989126, 0.27083837202374833, 0.2708323150668451, 0.270827134596474]","[0.23667395114898682, 0.2366361767053604, 0.23660553991794586, 0.23658040165901184, 0.23655878007411957, 0.23654046654701233, 0.23652468621730804, 0.2365112453699112, 0.23649956285953522, 0.23648956418037415, 0.23648086190223694, 0.23647326231002808, 0.23646673560142517, 0.23646104335784912, 0.23645615577697754]","[0.72921264, 0.72921264, 0.72921264, 0.72921264, 0.72921264, 0.72921264, 0.72921264, 0.72921264, 0.72921264, 0.72921264, 0.72921264, 0.72921264, 0.72921264, 0.72921264, 0.72921264]","[0.7246696, 0.7246696, 0.7246696, 0.7246696, 0.7246696, 0.7246696, 0.7246696, 0.7246696, 0.7246696, 0.7246696, 0.7246696, 0.7246696, 0.7246696, 0.7246696, 0.7246696]",0.7442477941513062
4,5,16,500,0.005,"[0.27097847799343133, 0.27087586542862374, 0.270831072596554, 0.2708112583324026, 0.2708024500280085, 0.2707974883579933, 0.2707942413795875, 0.27079222990377644, 0.2707908709814714, 0.2707898710503249, 0.2707891330718702, 0.2707885310386424, 0.2707880169833031, 0.2707876353858171, 0.2707873321219873]","[0.236545592546463, 0.2364806830883026, 0.23645131289958954, 0.23643895983695984, 0.2364320605993271, 0.23642729222774506, 0.23642420768737793, 0.23642227053642273, 0.23642092943191528, 0.23641999065876007, 0.23641923069953918, 0.23641858994960785, 0.23641808331012726, 0.23641768097877502, 0.23641735315322876]","[0.72921264, 0.72921264, 0.72921264, 0.72921264, 0.72921264, 0.72921264, 0.72921264, 0.72921264, 0.72921264, 0.72921264, 0.72921264, 0.72921264, 0.72921264, 0.72921264, 0.72921264]","[0.7246696, 0.7246696, 0.7246696, 0.7246696, 0.7246696, 0.7246696, 0.7246696, 0.7246696, 0.7246696, 0.7246696, 0.7246696, 0.7246696, 0.7246696, 0.7246696, 0.7246696]",0.7442477941513062
5,5,16,500,0.1,"[0.27088078022412526, 0.27079546526129233, 0.27078875612037157, 0.2707868723381133, 0.27078619616557403, 0.27078589190867425, 0.27078580740096375, 0.2707857393327486, 0.2707857052309711, 0.27078569433927124, 0.2707857073435223, 0.27078567186508923, 0.27078565612329347, 0.27078566912023466, 0.27078568282134347]","[0.23643551766872406, 0.23642025887966156, 0.2364172339439392, 0.23641633987426758, 0.23641584813594818, 0.23641571402549744, 0.23641565442085266, 0.23641562461853027, 0.23641559481620789, 0.23641559481620789, 0.2364155799150467, 0.2364155799150467, 0.2364155650138855, 0.2364155650138855, 0.2364155650138855]","[0.72921264, 0.72921264, 0.72921264, 0.72921264, 0.72921264, 0.72921264, 0.72921264, 0.72921264, 0.72921264, 0.72921264, 0.72921264, 0.72921264, 0.72921264, 0.72921264, 0.72921264]","[0.7246696, 0.7246696, 0.7246696, 0.7246696, 0.7246696, 0.7246696, 0.7246696, 0.7246696, 0.7246696, 0.7246696, 0.7246696, 0.7246696, 0.7246696, 0.7246696, 0.7246696]",0.7442477941513062
6,5,16,800,0.001,"[0.27105354705744583, 0.27102558204786786, 0.27100032916898353, 0.2709782490265086, 0.2709590480086088, 0.2709424778150231, 0.27092796988622625, 0.2709151498967887, 0.27090372456741646, 0.2708934694345833, 0.2708840931787975, 0.2708756908324819, 0.27086795428200144, 0.2708608880763572, 0.2708544280706213]","[0.2366684228181839, 0.23664285242557526, 0.23662054538726807, 0.236601322889328, 0.23658475279808044, 0.23657019436359406, 0.23655715584754944, 0.23654548823833466, 0.2365349382162094, 0.23652537167072296, 0.2365165799856186, 0.23650847375392914, 0.23650100827217102, 0.2364940494298935, 0.2364877164363861]","[0.72921264, 0.72921264, 0.72921264, 0.72921264, 0.72921264, 0.72921264, 0.72921264, 0.72921264, 0.72921264, 0.72921264, 0.72921264, 0.72921264, 0.72921264, 0.72921264, 0.72921264]","[0.7246696, 0.7246696, 0.7246696, 0.7246696, 0.7246696, 0.7246696, 0.7246696, 0.7246696, 0.7246696, 0.7246696, 0.7246696, 0.7246696, 0.7246696, 0.7246696, 0.7246696]",0.7442477941513062
7,5,16,800,0.005,"[0.2710698716980128, 0.2709664152055679, 0.27090016746450823, 0.270856470787174, 0.2708287468312095, 0.2708116974028297, 0.270802395576819, 0.2707975036977464, 0.2707945637355577, 0.27079263030532413, 0.2707912827900645, 0.2707903067073548, 0.2707895484659524, 0.2707889733841994, 0.27078853155398797]","[0.23664253950119019, 0.23656238615512848, 0.23650890588760376, 0.23647357523441315, 0.23645153641700745, 0.23643849790096283, 0.2364317923784256, 0.2364276796579361, 0.23642489314079285, 0.23642295598983765, 0.236421599984169, 0.23642058670520782, 0.23641975224018097, 0.23641914129257202, 0.23641864955425262]","[0.72921264, 0.72921264, 0.72921264, 0.72921264, 0.72921264, 0.72921264, 0.72921264, 0.72921264, 0.72921264, 0.72921264, 0.72921264, 0.72921264, 0.72921264, 0.72921264, 0.72921264]","[0.7246696, 0.7246696, 0.7246696, 0.7246696, 0.7246696, 0.7246696, 0.7246696, 0.7246696, 0.7246696, 0.7246696, 0.7246696, 0.7246696, 0.7246696, 0.7246696, 0.7246696]",0.7442477941513062
8,5,16,800,0.1,"[0.27091596636492626, 0.27081150759485734, 0.27079372903661514, 0.27078973135879175, 0.2707875043204932, 0.27078672182861135, 0.27078622658521134, 0.2707859398922793, 0.2707858319109434, 0.2707858254928813, 0.27078574112241166, 0.27078573199604433, 0.2707857248543056, 0.270785693429193, 0.27078569065509894]","[0.23645880818367004, 0.2364269345998764, 0.23642146587371826, 0.236418217420578, 0.2364169955253601, 0.23641633987426758, 0.23641593754291534, 0.2364157736301422, 0.23641569912433624, 0.23641565442085266, 0.23641562461853027, 0.23641560971736908, 0.23641559481620789, 0.23641559481620789, 0.2364155799150467]","[0.72921264, 0.72921264, 0.72921264, 0.72921264, 0.72921264, 0.72921264, 0.72921264, 0.72921264, 0.72921264, 0.72921264, 0.72921264, 0.72921264, 0.72921264, 0.72921264, 0.72921264]","[0.7246696, 0.7246696, 0.7246696, 0.7246696, 0.7246696, 0.7246696, 0.7246696, 0.7246696, 0.7246696, 0.7246696, 0.7246696, 0.7246696, 0.7246696, 0.7246696, 0.7246696]",0.7442477941513062
9,5,32,100,0.001,"[0.2710024077049622, 0.27087637978781504, 0.2708312789920892, 0.2708113146870523, 0.2708014494064813, 0.2707961161898868, 0.27079295170092704, 0.2707910272495844, 0.27078972532810575, 0.27078879943260353, 0.2707881717798537, 0.27078764837782315, 0.27078725792135205, 0.27078696513085243, 0.27078673077557674]","[0.2365562613840145, 0.23648440732829895, 0.23645350481445043, 0.23643850991379323, 0.2364306633693006, 0.23642601814564104, 0.23642319834704967, 0.23642128417145314, 0.23642003720027235, 0.23641908720201332, 0.2364183811364195, 0.2364178331412933, 0.23641741091984483, 0.23641707456059394, 0.2364168169740013]","[0.72921264, 0.72921264, 0.72921264, 0.72921264, 0.72921264, 0.72921264, 0.72921264, 0.72921264, 0.72921264, 0.72921264, 0.72921264, 0.72921264, 0.72921264, 0.72921264, 0.72921264]","[0.7246696, 0.7246696, 0.7246696, 0.7246696, 0.7246696, 0.7246696, 0.7246696, 0.7246696, 0.7246696, 0.7246696, 0.7246696, 0.7246696, 0.7246696, 0.7246696, 0.7246696]",0.7442477941513062
10,5,32,100,0.005,"[0.2708822554402238, 0.2707916031681979, 0.27078749821590475, 0.27078643150772125, 0.2707860206714735, 0.27078585214592515, 0.2707857791420203, 0.27078572839531534, 0.2707856787119734, 0.27078566879677074, 0.27078567063776704, 0.27078567095277206, 0.2707856593114329, 0.27078567778693213, 0.2707856621326884]","[0.23643203375097938, 0.2364193946779562, 0.2364169553513044, 0.23641619624545396, 0.236415892708144, 0.23641575380568988, 0.23641567450788054, 0.23641566794349234, 0.23641561490323576, 0.23641560833884756, 0.23641560833884756, 0.23641560833884756, 0.23641560833884756, 0.23641560833884756, 0.23641560833884756]","[0.72921264, 0.72921264, 0.72921264, 0.72921264, 0.72921264, 0.72921264, 0.72921264, 0.72921264, 0.72921264, 0.72921264, 0.72921264, 0.72921264, 0.72921264, 0.72921264, 0.72921264]","[0.7246696, 0.7246696, 0.7246696, 0.7246696, 0.7246696, 0.7246696, 0.7246696, 0.7246696, 0.7246696, 0.7246696, 0.7246696, 0.7246696, 0.7246696, 0.7246696, 0.7246696]",0.7442477941513062
11,5,32,100,0.1,"[0.2708208035643488, 0.27078589432277644, 0.27078569671363106, 0.270785665589236, 0.27078566578144725, 0.2707856738277882, 0.27078566929265485, 0.2707856715977546, 0.27078567516812874, 0.270785672365815, 0.2707856748712103, 0.270785667958815, 0.27078568188497393, 0.2707856620251877, 0.2707856709367363]","[0.23641647457551326, 0.2364156876366569, 0.23641561490323576, 0.23641560833884756, 0.23641560833884756, 0.23641560833884756, 0.23641560833884756, 0.23641560833884756, 0.23641560833884756, 0.23641560833884756, 0.23641560833884756, 0.23641560833884756, 0.23641561490323576, 0.23641560833884756, 0.23641560833884756]","[0.72921264, 0.72921264, 0.72921264, 0.72921264, 0.72921264, 0.72921264, 0.72921264, 0.72921264, 0.72921264, 0.72921264, 0.72921264, 0.72921264, 0.72921264, 0.72921264, 0.72921264]","[0.7246696, 0.7246696, 0.7246696, 0.7246696, 0.7246696, 0.7246696, 0.7246696, 0.7246696, 0.7246696, 0.7246696, 0.7246696, 0.7246696, 0.7246696, 0.7246696, 0.7246696]",0.7442477941513062
12,5,32,500,0.001,"[0.27116197540621445, 0.2710886166283613, 0.27103245172074886, 0.2709887895202239, 0.2709540869416575, 0.2709260993391122, 0.2709031927401393, 0.27088443937841394, 0.2708689193018576, 0.2708560896635062, 0.27084536895408096, 0.2708364444158228, 0.2708290142553356, 0.27082279267514603, 0.2708176290445068]","[0.23676905035972595, 0.23670236766338348, 0.23665177822113037, 0.2366117238998413, 0.23657934367656708, 0.23655293881893158, 0.23653146624565125, 0.23651351034641266, 0.23649856448173523, 0.23648612201213837, 0.23647572100162506, 0.23646701872348785, 0.2364596724510193, 0.2364535927772522, 0.2364484965801239]","[0.72921264, 0.72921264, 0.72921264, 0.72921264, 0.72921264, 0.72921264, 0.72921264, 0.72921264, 0.72921264, 0.72921264, 0.72921264, 0.72921264, 0.72921264, 0.72921264, 0.72921264]","[0.7246696, 0.7246696, 0.7246696, 0.7246696, 0.7246696, 0.7246696, 0.7246696, 0.7246696, 0.7246696, 0.7246696, 0.7246696, 0.7246696, 0.7246696, 0.7246696, 0.7246696]",0.7442477941513062
13,5,32,500,0.005,"[0.2710183000035341, 0.2708720944004957, 0.2708242754644457, 0.27080519574148154, 0.27079658605010304, 0.2707926230649022, 0.2707905081051192, 0.27078918771917815, 0.2707883807806984, 0.27078783406969514, 0.2707874337218104, 0.2707871355450794, 0.27078687657846784, 0.27078668793276417, 0.27078652058435415]","[0.2365499883890152, 0.23647548258304596, 0.23644623160362244, 0.23643216490745544, 0.2364257425069809, 0.23642238974571228, 0.23642034828662872, 0.23641911149024963, 0.23641833662986755, 0.23641780018806458, 0.23641738295555115, 0.23641705513000488, 0.2364168018102646, 0.23641660809516907, 0.23641644418239594]","[0.72921264, 0.72921264, 0.72921264, 0.72921264, 0.72921264, 0.72921264, 0.72921264, 0.72921264, 0.72921264, 0.72921264, 0.72921264, 0.72921264, 0.72921264, 0.72921264, 0.72921264]","[0.7246696, 0.7246696, 0.7246696, 0.7246696, 0.7246696, 0.7246696, 0.7246696, 0.7246696, 0.7246696, 0.7246696, 0.7246696, 0.7246696, 0.7246696, 0.7246696, 0.7246696]",0.7442477941513062
14,5,32,500,0.1,"[0.270930765789237, 0.27080081465023825, 0.2707904114284906, 0.270787509104123, 0.27078643554902593, 0.2707859698481088, 0.27078583069385076, 0.2707857460054019, 0.2707857207991576, 0.270785678489655, 0.2707856776289183, 0.27078567887890537, 0.2707856812406288, 0.27078566888631894, 0.2707856595443106]","[0.23644374310970306, 0.23642221093177795, 0.23641826212406158, 0.23641668260097504, 0.23641596734523773, 0.23641575872898102, 0.23641566932201385, 0.23641562461853027, 0.23641559481620789, 0.2364155799150467, 0.2364155799150467, 0.2364155650138855, 0.2364155650138855, 0.2364155650138855, 0.2364155650138855]","[0.72921264, 0.72921264, 0.72921264, 0.72921264, 0.72921264, 0.72921264, 0.72921264, 0.72921264, 0.72921264, 0.72921264, 0.72921264, 0.72921264, 0.72921264, 0.72921264, 0.72921264]","[0.7246696, 0.7246696, 0.7246696, 0.7246696, 0.7246696, 0.7246696, 0.7246696, 0.7246696, 0.7246696, 0.7246696, 0.7246696, 0.7246696, 0.7246696, 0.7246696, 0.7246696]",0.7442477941513062
15,5,32,800,0.001,"[0.2711916363631097, 0.2711385159858571, 0.27109202317873404, 0.27105250725098207, 0.27101891538457656, 0.2709901028180023, 0.27096532623294756, 0.2709437208218934, 0.270924958568441, 0.2709086425227805, 0.27089449778648755, 0.2708819795573285, 0.2708710910343352, 0.2708614927195497, 0.2708531419874729]","[0.23680022358894348, 0.23675136268138885, 0.23670952022075653, 0.2366737723350525, 0.23664303123950958, 0.23661625385284424, 0.23659269511699677, 0.2365722358226776, 0.23655442893505096, 0.2365388125181198, 0.2365250587463379, 0.2365129441022873, 0.2365022897720337, 0.2364930510520935, 0.23648490011692047]","[0.72921264, 0.72921264, 0.72921264, 0.72921264, 0.72921264, 0.72921264, 0.72921264, 0.72921264, 0.72921264, 0.72921264, 0.72921264, 0.72921264, 0.72921264, 0.72921264, 0.72921264]","[0.7246696, 0.7246696, 0.7246696, 0.7246696, 0.7246696, 0.7246696, 0.7246696, 0.7246696, 0.7246696, 0.7246696, 0.7246696, 0.7246696, 0.7246696, 0.7246696, 0.7246696]",0.7442477941513062
16,5,32,800,0.005,"[0.27108103205372897, 0.27093208377081185, 0.2708633902583428, 0.2708285766356068, 0.27081089058250124, 0.2708016464983332, 0.2707964934619166, 0.27079331782743105, 0.2707914345282563, 0.27079031282205746, 0.27078956116579284, 0.2707889444240464, 0.27078845761104164, 0.27078807263331056, 0.27078774668639977]","[0.23661546409130096, 0.23652221262454987, 0.23647388815879822, 0.23645009100437164, 0.23643742501735687, 0.23643049597740173, 0.2364262044429779, 0.23642341792583466, 0.23642177879810333, 0.2364206612110138, 0.23641976714134216, 0.23641906678676605, 0.23641854524612427, 0.23641814291477203, 0.2364177703857422]","[0.72921264, 0.72921264, 0.72921264, 0.72921264, 0.72921264, 0.72921264, 0.72921264, 0.72921264, 0.72921264, 0.72921264, 0.72921264, 0.72921264, 0.72921264, 0.72921264, 0.72921264]","[0.7246696, 0.7246696, 0.7246696, 0.7246696, 0.7246696, 0.7246696, 0.7246696, 0.7246696, 0.7246696, 0.7246696, 0.7246696, 0.7246696, 0.7246696, 0.7246696, 0.7246696]",0.7442477941513062
17,5,32,800,0.1,"[0.2709584742572514, 0.2708204598813657, 0.2707968599105659, 0.27079072012046346, 0.2707880674171991, 0.2707868821494698, 0.2707863159044601, 0.2707860224499023, 0.2707858766911806, 0.2707858403026692, 0.27078573638196374, 0.2707857197045052, 0.2707857120145265, 0.27078567625466354, 0.2707856926580022]","[0.23646627366542816, 0.23643158376216888, 0.23642268776893616, 0.23641879856586456, 0.2364172339439392, 0.23641638457775116, 0.2364160120487213, 0.2364158183336258, 0.23641572892665863, 0.23641566932201385, 0.23641562461853027, 0.23641559481620789, 0.23641559481620789, 0.2364155799150467, 0.2364155799150467]","[0.72921264, 0.72921264, 0.72921264, 0.72921264, 0.72921264, 0.72921264, 0.72921264, 0.72921264, 0.72921264, 0.72921264, 0.72921264, 0.72921264, 0.72921264, 0.72921264, 0.72921264]","[0.7246696, 0.7246696, 0.7246696, 0.7246696, 0.7246696, 0.7246696, 0.7246696, 0.7246696, 0.7246696, 0.7246696, 0.7246696, 0.7246696, 0.7246696, 0.7246696, 0.7246696]",0.7442477941513062
18,5,64,100,0.001,"[0.27103899919997815, 0.2708636770565897, 0.2708172898842018, 0.2708013522063835, 0.27079468897583714, 0.27079149835093763, 0.27078971039274824, 0.2707886343269305, 0.27078790534999, 0.2707873884875089, 0.27078701513499537, 0.27078672574032997, 0.2707865176202036, 0.2707863566068766, 0.27078620806734954]","[0.23655173957085293, 0.23646837551688307, 0.2364408604899167, 0.2364297039183226, 0.23642441590977134, 0.23642153309305333, 0.23641985129679877, 0.2364187497924603, 0.23641795838982, 0.2364174306130094, 0.23641702755957447, 0.23641671798302738, 0.23641648665398754, 0.23641630180081608, 0.2364161699879012]","[0.72921264, 0.72921264, 0.72921264, 0.72921264, 0.72921264, 0.72921264, 0.72921264, 0.72921264, 0.72921264, 0.72921264, 0.72921264, 0.72921264, 0.72921264, 0.72921264, 0.72921264]","[0.7246696, 0.7246696, 0.7246696, 0.7246696, 0.7246696, 0.7246696, 0.7246696, 0.7246696, 0.7246696, 0.7246696, 0.7246696, 0.7246696, 0.7246696, 0.7246696, 0.7246696]",0.7442477941513062
19,5,64,100,0.005,"[0.270864891164088, 0.2707898309371064, 0.27078687973049154, 0.27078615480176516, 0.27078586159812923, 0.27078576883286676, 0.2707857036422442, 0.27078569624474996, 0.2707856794084061, 0.2707856725474116, 0.27078566719144903, 0.2707856665881566, 0.270785665469901, 0.2707856695423456, 0.2707856648306081]","[0.23642589578544515, 0.23641785388475997, 0.23641642101010563, 0.23641594522324952, 0.23641575380568988, 0.23641567450788054, 0.23641562803201213, 0.23641561490323576, 0.23641560833884756, 0.23641560833884756, 0.23641560833884756, 0.23641560833884756, 0.23641560833884756, 0.23641560833884756, 0.23641560833884756]","[0.72921264, 0.72921264, 0.72921264, 0.72921264, 0.72921264, 0.72921264, 0.72921264, 0.72921264, 0.72921264, 0.72921264, 0.72921264, 0.72921264, 0.72921264, 0.72921264, 0.72921264]","[0.7246696, 0.7246696, 0.7246696, 0.7246696, 0.7246696, 0.7246696, 0.7246696, 0.7246696, 0.7246696, 0.7246696, 0.7246696, 0.7246696, 0.7246696, 0.7246696, 0.7246696]",0.7442477941513062
20,5,64,100,0.1,"[0.2708417051344371, 0.2707860843073145, 0.2707857615600957, 0.27078570635801924, 0.27078568087468574, 0.2707856718844787, 0.27078567116084284, 0.27078566877159227, 0.27078567103541945, 0.2707856654437506, 0.2707856741708919, 0.27078567290003713, 0.27078566043611424, 0.27078566582896846, 0.2707856734459618]","[0.23641683876777012, 0.23641575380568988, 0.23641567450788054, 0.2364156542895649, 0.23641561490323576, 0.23641561490323576, 0.23641560833884756, 0.23641560833884756, 0.23641560833884756, 0.23641560833884756, 0.23641560833884756, 0.23641560833884756, 0.23641560833884756, 0.23641560833884756, 0.23641560833884756]","[0.72921264, 0.72921264, 0.72921264, 0.72921264, 0.72921264, 0.72921264, 0.72921264, 0.72921264, 0.72921264, 0.72921264, 0.72921264, 0.72921264, 0.72921264, 0.72921264, 0.72921264]","[0.7246696, 0.7246696, 0.7246696, 0.7246696, 0.7246696, 0.7246696, 0.7246696, 0.7246696, 0.7246696, 0.7246696, 0.7246696, 0.7246696, 0.7246696, 0.7246696, 0.7246696]",0.7442477941513062
21,5,64,500,0.001,"[0.27115643263659933, 0.27105605912202707, 0.2709865020256812, 0.2709383521706911, 0.270903479317941, 0.2708778149405618, 0.2708587217212513, 0.27084421511005763, 0.270833273867576, 0.2708248335000987, 0.2708181572334714, 0.27081283405039397, 0.2708085569895042, 0.27080508372330625, 0.2708022791580707]","[0.2367427796125412, 0.23665733635425568, 0.23659847676753998, 0.23655663430690765, 0.23652580380439758, 0.2365029752254486, 0.23648561537265778, 0.23647251725196838, 0.23646250367164612, 0.23645463585853577, 0.23644843697547913, 0.23644337058067322, 0.2364392876625061, 0.23643596470355988, 0.23643311858177185]","[0.72921264, 0.72921264, 0.72921264, 0.72921264, 0.72921264, 0.72921264, 0.72921264, 0.72921264, 0.72921264, 0.72921264, 0.72921264, 0.72921264, 0.72921264, 0.72921264, 0.72921264]","[0.7246696, 0.7246696, 0.7246696, 0.7246696, 0.7246696, 0.7246696, 0.7246696, 0.7246696, 0.7246696, 0.7246696, 0.7246696, 0.7246696, 0.7246696, 0.7246696, 0.7246696]",0.7442477941513062
22,5,64,500,0.005,"[0.2710528092251884, 0.27085442096908685, 0.2708146444976198, 0.2708013252790781, 0.27079468556360664, 0.2707915815709151, 0.2707899034458222, 0.27078877122255407, 0.27078809184363756, 0.27078757854852425, 0.27078718138524704, 0.2707868929560625, 0.2707866506012801, 0.27078650009114574, 0.2707863338209409]","[0.23653729259967804, 0.23646213114261627, 0.2364392876625061, 0.23642894625663757, 0.23642371594905853, 0.23642125725746155, 0.2364196628332138, 0.2364187240600586, 0.23641803860664368, 0.2364175170660019, 0.23641714453697205, 0.23641683161258698, 0.23641659319400787, 0.23641641438007355, 0.2364162653684616]","[0.72921264, 0.72921264, 0.72921264, 0.72921264, 0.72921264, 0.72921264, 0.72921264, 0.72921264, 0.72921264, 0.72921264, 0.72921264, 0.72921264, 0.72921264, 0.72921264, 0.72921264]","[0.7246696, 0.7246696, 0.7246696, 0.7246696, 0.7246696, 0.7246696, 0.7246696, 0.7246696, 0.7246696, 0.7246696, 0.7246696, 0.7246696, 0.7246696, 0.7246696, 0.7246696]",0.7442477941513062
23,5,64,500,0.1,"[0.27101954659696065, 0.27081475962996027, 0.27079391009285075, 0.27078831338190934, 0.27078679516118387, 0.2707861816350198, 0.2707859238251945, 0.2707857877520448, 0.27078574479337364, 0.27078571729955936, 0.2707857070493002, 0.27078569172293426, 0.2707856777970452, 0.27078567541402904, 0.2707856772268757]","[0.23646558821201324, 0.23642942309379578, 0.23641979694366455, 0.23641714453697205, 0.23641638457775116, 0.23641593754291534, 0.23641575872898102, 0.23641566932201385, 0.23641562461853027, 0.23641560971736908, 0.23641559481620789, 0.2364155799150467, 0.2364155799150467, 0.2364155799150467, 0.2364155650138855]","[0.72921264, 0.72921264, 0.72921264, 0.72921264, 0.72921264, 0.72921264, 0.72921264, 0.72921264, 0.72921264, 0.72921264, 0.72921264, 0.72921264, 0.72921264, 0.72921264, 0.72921264]","[0.7246696, 0.7246696, 0.7246696, 0.7246696, 0.7246696, 0.7246696, 0.7246696, 0.7246696, 0.7246696, 0.7246696, 0.7246696, 0.7246696, 0.7246696, 0.7246696, 0.7246696]",0.7442477941513062
24,5,64,800,0.001,"[0.2711767023495449, 0.2710984804655425, 0.27103634950560274, 0.2709890249777363, 0.27095301723784315, 0.2709246069102377, 0.27090240763498047, 0.2708847242036754, 0.27087025692321404, 0.2708586672371674, 0.27084907829425253, 0.2708411226677257, 0.27083445006151363, 0.2708288265526046, 0.2708240513170587]","[0.23678772151470184, 0.23671428859233856, 0.23665808141231537, 0.23661497235298157, 0.2365814447402954, 0.2365550994873047, 0.2365337759256363, 0.2365165799856186, 0.2365027666091919, 0.23649129271507263, 0.23648184537887573, 0.23647402226924896, 0.23646749556064606, 0.2364618182182312, 0.23645691573619843]","[0.72921264, 0.72921264, 0.72921264, 0.72921264, 0.72921264, 0.72921264, 0.72921264, 0.72921264, 0.72921264, 0.72921264, 0.72921264, 0.72921264, 0.72921264, 0.72921264, 0.72921264]","[0.7246696, 0.7246696, 0.7246696, 0.7246696, 0.7246696, 0.7246696, 0.7246696, 0.7246696, 0.7246696, 0.7246696, 0.7246696, 0.7246696, 0.7246696, 0.7246696, 0.7246696]",0.7442477941513062
25,5,64,800,0.005,"[0.2711308843325773, 0.2709216518176371, 0.2708442854419303, 0.2708140145425326, 0.2708020384240917, 0.2707967201971031, 0.27079372385392037, 0.2707915773922712, 0.2707900216481777, 0.2707890051090165, 0.27078831897578404, 0.27078780070630715, 0.27078747263222547, 0.27078717615441456, 0.2707869519724225]","[0.23661567270755768, 0.23650293052196503, 0.23645813763141632, 0.2364395260810852, 0.2364310622215271, 0.2364266961812973, 0.23642370104789734, 0.2364214062690735, 0.2364198863506317, 0.2364189475774765, 0.23641830682754517, 0.23641782999038696, 0.23641745746135712, 0.23641717433929443, 0.23641693592071533]","[0.72921264, 0.72921264, 0.72921264, 0.72921264, 0.72921264, 0.72921264, 0.72921264, 0.72921264, 0.72921264, 0.72921264, 0.72921264, 0.72921264, 0.72921264, 0.72921264, 0.72921264]","[0.7246696, 0.7246696, 0.7246696, 0.7246696, 0.7246696, 0.7246696, 0.7246696, 0.7246696, 0.7246696, 0.7246696, 0.7246696, 0.7246696, 0.7246696, 0.7246696, 0.7246696]",0.7442477941513062
26,5,64,800,0.1,"[0.2710740985839952, 0.2708451370601281, 0.27080560996598524, 0.27079521930258676, 0.2707898060948585, 0.27078767467682624, 0.2707867692769495, 0.2707862757952271, 0.27078603541430624, 0.27078590432247285, 0.27078581571228105, 0.27078577185308694, 0.2707857307277826, 0.27078571154669506, 0.27078571517969835]","[0.23651091754436493, 0.23644281923770905, 0.236428365111351, 0.236421138048172, 0.23641811311244965, 0.2364169806241989, 0.23641635477542877, 0.23641599714756012, 0.23641584813594818, 0.23641574382781982, 0.23641569912433624, 0.23641565442085266, 0.23641562461853027, 0.23641560971736908, 0.23641559481620789]","[0.72921264, 0.72921264, 0.72921264, 0.72921264, 0.72921264, 0.72921264, 0.72921264, 0.72921264, 0.72921264, 0.72921264, 0.72921264, 0.72921264, 0.72921264, 0.72921264, 0.72921264]","[0.7246696, 0.7246696, 0.7246696, 0.7246696, 0.7246696, 0.7246696, 0.7246696, 0.7246696, 0.7246696, 0.7246696, 0.7246696, 0.7246696, 0.7246696, 0.7246696, 0.7246696]",0.7442477941513062
27,10,16,100,0.001,"[0.26748662994688743, 0.26738705295718135, 0.26734126801225255, 0.26731904298331266, 0.2673077228714005, 0.2673013469869125, 0.2672973602337204, 0.26729473961558087, 0.26729289481983437, 0.2672915773391421, 0.2672906484131441, 0.2672899535951253, 0.26728939536677493, 0.26728897824547954, 0.26728863191115426]","[0.23707954115162358, 0.23701312934062865, 0.2369809045433735, 0.23696515944356686, 0.23695666361065626, 0.23695147774340564, 0.23694795225366588, 0.2369455321471949, 0.23694376032347184, 0.2369424579685624, 0.23694148653127237, 0.23694075272309595, 0.2369401381242091, 0.23693967562900736, 0.23693929905396688]","[0.72919226, 0.72919226, 0.72919226, 0.72919226, 0.72919226, 0.72919226, 0.72919226, 0.72919226, 0.72919226, 0.72919226, 0.72919226, 0.72919226, 0.72919226, 0.72919226, 0.72919226]","[0.7240618, 0.7240618, 0.7240618, 0.7240618, 0.7240618, 0.7240618, 0.7240618, 0.7240618, 0.7240618, 0.7240618, 0.7240618, 0.7240618, 0.7240618, 0.7240618, 0.7240618]",0.7448889017105103
28,10,16,100,0.005,"[0.26737231626257124, 0.2672955323696297, 0.2672896888724723, 0.26728822257472623, 0.26728764878893313, 0.2672873717396587, 0.26728721603225575, 0.2672871210179859, 0.2672870778937549, 0.26728704352526583, 0.26728701308035263, 0.26728699295519787, 0.26728698725718625, 0.2672869971961016, 0.2672869912006533]","[0.23695808096437265, 0.23694252217842254, 0.23693950339395214, 0.23693849906226658, 0.2369380427512112, 0.23693781130624397, 0.23693768551807529, 0.2369376061767932, 0.23693755354576027, 0.23693754696688116, 0.2369375070988737, 0.2369374939411155, 0.23693748736223638, 0.23693748736223638, 0.23693748736223638]","[0.72919226, 0.72919226, 0.72919226, 0.72919226, 0.72919226, 0.72919226, 0.72919226, 0.72919226, 0.72919226, 0.72919226, 0.72919226, 0.72919226, 0.72919226, 0.72919226, 0.72919226]","[0.7240618, 0.7240618, 0.7240618, 0.7240618, 0.7240618, 0.7240618, 0.7240618, 0.7240618, 0.7240618, 0.7240618, 0.7240618, 0.7240618, 0.7240618, 0.7240618, 0.7240618]",0.7448889017105103
29,10,16,100,0.1,"[0.26731841356289965, 0.26728724721638547, 0.26728707609395125, 0.2672870295048629, 0.2672870181500795, 0.2672870031445109, 0.26728699854342447, 0.267286988195951, 0.26728698261815387, 0.26728698303562276, 0.2672869905126382, 0.26728699152657104, 0.2672870106826839, 0.2672869917918549, 0.2672869990135383]","[0.2369382018285082, 0.23693761972928415, 0.23693754696688116, 0.23693753341439017, 0.2369375070988737, 0.2369374939411155, 0.23693748736223638, 0.23693748736223638, 0.23693748736223638, 0.23693748736223638, 0.23693748736223638, 0.23693748736223638, 0.23693748736223638, 0.23693748736223638, 0.23693748736223638]","[0.72919226, 0.72919226, 0.72919226, 0.72919226, 0.72919226, 0.72919226, 0.72919226, 0.72919226, 0.72919226, 0.72919226, 0.72919226, 0.72919226, 0.72919226, 0.72919226, 0.72919226]","[0.7240618, 0.7240618, 0.7240618, 0.7240618, 0.7240618, 0.7240618, 0.7240618, 0.7240618, 0.7240618, 0.7240618, 0.7240618, 0.7240618, 0.7240618, 0.7240618, 0.7240618]",0.7448889017105103
30,10,16,500,0.001,"[0.267548597176538, 0.26750107560626735, 0.2674644273547321, 0.26743662029526727, 0.26741437012844577, 0.2673964732962921, 0.267381756956612, 0.267369533204166, 0.2673591278784257, 0.2673502611259322, 0.26734272086763744, 0.2673361485884812, 0.26733038279341614, 0.26732544872791797, 0.2673211932884748]","[0.23718592524528503, 0.23714332282543182, 0.23711088299751282, 0.23708507418632507, 0.2370641827583313, 0.23704704642295837, 0.23703284561634064, 0.23702067136764526, 0.2370104193687439, 0.23700164258480072, 0.2369939535856247, 0.23698724806308746, 0.2369815856218338, 0.2369767278432846, 0.2369726598262787]","[0.72919226, 0.72919226, 0.72919226, 0.72919226, 0.72919226, 0.72919226, 0.72919226, 0.72919226, 0.72919226, 0.72919226, 0.72919226, 0.72919226, 0.72919226, 0.72919226, 0.72919226]","[0.7240618, 0.7240618, 0.7240618, 0.7240618, 0.7240618, 0.7240618, 0.7240618, 0.7240618, 0.7240618, 0.7240618, 0.7240618, 0.7240618, 0.7240618, 0.7240618, 0.7240618]",0.7448889017105103
31,10,16,500,0.005,"[0.2675920087396136, 0.2674320456717075, 0.267356205196132, 0.267322060001757, 0.26730709077537484, 0.26729942000295676, 0.26729512124295146, 0.2672927541150205, 0.2672913241303731, 0.26729046042826554, 0.26728982092337683, 0.2672893449379224, 0.26728899972849446, 0.26728867661119493, 0.2672884432654284]","[0.23714077472686768, 0.23704048991203308, 0.2369900345802307, 0.23696772754192352, 0.23695620894432068, 0.23694974184036255, 0.23694585263729095, 0.2369435578584671, 0.23694221675395966, 0.23694129288196564, 0.23694060742855072, 0.23694011569023132, 0.2369397133588791, 0.23693938553333282, 0.23693910241127014]","[0.72919226, 0.72919226, 0.72919226, 0.72919226, 0.72919226, 0.72919226, 0.72919226, 0.72919226, 0.72919226, 0.72919226, 0.72919226, 0.72919226, 0.72919226, 0.72919226, 0.72919226]","[0.7240618, 0.7240618, 0.7240618, 0.7240618, 0.7240618, 0.7240618, 0.7240618, 0.7240618, 0.7240618, 0.7240618, 0.7240618, 0.7240618, 0.7240618, 0.7240618, 0.7240618]",0.7448889017105103
32,10,16,500,0.1,"[0.26740110013851903, 0.2673044157846244, 0.2672909258874195, 0.2672883469063459, 0.2672875551609773, 0.2672872437949296, 0.26728712342791083, 0.267287058318287, 0.2672870252350025, 0.2672870285221847, 0.26728700527593424, 0.2672869924711063, 0.267287007942997, 0.26728697953525005, 0.26728700398236743]","[0.2369695007801056, 0.2369440495967865, 0.2369394600391388, 0.23693819344043732, 0.23693782091140747, 0.23693765699863434, 0.23693755269050598, 0.2369375228881836, 0.2369374930858612, 0.2369374781847, 0.2369374781847, 0.23693746328353882, 0.23693746328353882, 0.23693746328353882, 0.23693746328353882]","[0.72919226, 0.72919226, 0.72919226, 0.72919226, 0.72919226, 0.72919226, 0.72919226, 0.72919226, 0.72919226, 0.72919226, 0.72919226, 0.72919226, 0.72919226, 0.72919226, 0.72919226]","[0.7240618, 0.7240618, 0.7240618, 0.7240618, 0.7240618, 0.7240618, 0.7240618, 0.7240618, 0.7240618, 0.7240618, 0.7240618, 0.7240618, 0.7240618, 0.7240618, 0.7240618]",0.7448889017105103
33,10,16,800,0.001,"[0.26765892580572287, 0.26761668990878495, 0.2675803846789612, 0.2675496559016628, 0.26752281490427077, 0.2674994622493241, 0.2674788845688829, 0.2674605020530213, 0.26744408242216045, 0.26742957518137617, 0.2674165076130062, 0.26740467381541744, 0.2673940673203425, 0.2673843838997037, 0.26737564793023494]","[0.23731568455696106, 0.23727427423000336, 0.2372388243675232, 0.23720812797546387, 0.23718149960041046, 0.23715804517269135, 0.23713701963424683, 0.23711822926998138, 0.23710152506828308, 0.23708650469779968, 0.23707301914691925, 0.23706087470054626, 0.2370498925447464, 0.23703992366790771, 0.23703089356422424]","[0.72919226, 0.72919226, 0.72919226, 0.72919226, 0.72919226, 0.72919226, 0.72919226, 0.72919226, 0.72919226, 0.72919226, 0.72919226, 0.72919226, 0.72919226, 0.72919226, 0.72919226]","[0.7240618, 0.7240618, 0.7240618, 0.7240618, 0.7240618, 0.7240618, 0.7240618, 0.7240618, 0.7240618, 0.7240618, 0.7240618, 0.7240618, 0.7240618, 0.7240618, 0.7240618]",0.7448889017105103
34,10,16,800,0.005,"[0.2675573861543359, 0.26745513865206066, 0.267393856604094, 0.26735640794089993, 0.2673335955692046, 0.2673194838668573, 0.26731014813658005, 0.2673037881029346, 0.2672994606418221, 0.2672964458877672, 0.26729428437427544, 0.2672927523022227, 0.2672916159102787, 0.2672907485525643, 0.26729008585412173]","[0.23713645339012146, 0.23706480860710144, 0.23702150583267212, 0.23699459433555603, 0.23697827756404877, 0.23696714639663696, 0.23695921897888184, 0.2369537353515625, 0.23694990575313568, 0.236947163939476, 0.23694518208503723, 0.23694364726543427, 0.23694245517253876, 0.23694153130054474, 0.23694081604480743]","[0.72919226, 0.72919226, 0.72919226, 0.72919226, 0.72919226, 0.72919226, 0.72919226, 0.72919226, 0.72919226, 0.72919226, 0.72919226, 0.72919226, 0.72919226, 0.72919226, 0.72919226]","[0.7240618, 0.7240618, 0.7240618, 0.7240618, 0.7240618, 0.7240618, 0.7240618, 0.7240618, 0.7240618, 0.7240618, 0.7240618, 0.7240618, 0.7240618, 0.7240618, 0.7240618]",0.7448889017105103
35,10,16,800,0.1,"[0.26743293423164455, 0.2673159201156319, 0.2672951265661013, 0.26729190381773854, 0.26728936486913857, 0.2672881912994235, 0.26728767541477494, 0.26728739094637605, 0.26728724063598874, 0.26728716434848243, 0.267287120738897, 0.2672871095291848, 0.267287067836665, 0.2672870560208897, 0.2672870354228062]","[0.23698469996452332, 0.23694926500320435, 0.23694349825382233, 0.23694045841693878, 0.236938938498497, 0.23693834245204926, 0.2369379848241806, 0.2369377762079239, 0.23693767189979553, 0.23693759739398956, 0.23693756759166718, 0.2369375377893448, 0.2369375228881836, 0.2369375079870224, 0.2369374930858612]","[0.72919226, 0.72919226, 0.72919226, 0.72919226, 0.72919226, 0.72919226, 0.72919226, 0.72919226, 0.72919226, 0.72919226, 0.72919226, 0.72919226, 0.72919226, 0.72919226, 0.72919226]","[0.7240618, 0.7240618, 0.7240618, 0.7240618, 0.7240618, 0.7240618, 0.7240618, 0.7240618, 0.7240618, 0.7240618, 0.7240618, 0.7240618, 0.7240618, 0.7240618, 0.7240618]",0.7448889017105103
36,10,32,100,0.001,"[0.26752639901219494, 0.2673863830041107, 0.26733603424251906, 0.2673136474619092, 0.26730288375044486, 0.2672973372963042, 0.2672941682917711, 0.2672922559144083, 0.26729100898905084, 0.2672901436585244, 0.26728951721919203, 0.267289048716472, 0.2672886562457678, 0.2672883670389619, 0.2672881431696476]","[0.23709135234487505, 0.23700976516500477, 0.236975711702511, 0.2369598313409498, 0.23695196721201175, 0.23694739252263083, 0.23694468873489244, 0.23694292467424674, 0.2369417485022387, 0.23694086995872177, 0.23694018957104376, 0.23693969418144648, 0.23693931760640596, 0.23693897392576105, 0.2369387165600101]","[0.72919226, 0.72919226, 0.72919226, 0.72919226, 0.72919226, 0.72919226, 0.72919226, 0.72919226, 0.72919226, 0.72919226, 0.72919226, 0.72919226, 0.72919226, 0.72919226, 0.72919226]","[0.7240618, 0.7240618, 0.7240618, 0.7240618, 0.7240618, 0.7240618, 0.7240618, 0.7240618, 0.7240618, 0.7240618, 0.7240618, 0.7240618, 0.7240618, 0.7240618, 0.7240618]",0.7448889017105103
37,10,32,100,0.005,"[0.26738205826017986, 0.26729209694234934, 0.26728869159896007, 0.2672877971391244, 0.26728741739062584, 0.2672872324743849, 0.26728710759093477, 0.2672870734829984, 0.2672870445586752, 0.2672870453792761, 0.2672870134922714, 0.26728700146375406, 0.26728699984614857, 0.26728700893532803, 0.2672869998338604]","[0.23694998986410515, 0.23694061259297083, 0.23693882261154142, 0.23693814840800978, 0.2369378511742514, 0.23693769249168717, 0.23693761315040504, 0.23693755354576027, 0.23693754696688116, 0.2369375070988737, 0.2369374939411155, 0.2369374939411155, 0.23693748736223638, 0.23693748736223638, 0.23693748736223638]","[0.72919226, 0.72919226, 0.72919226, 0.72919226, 0.72919226, 0.72919226, 0.72919226, 0.72919226, 0.72919226, 0.72919226, 0.72919226, 0.72919226, 0.72919226, 0.72919226, 0.72919226]","[0.7240618, 0.7240618, 0.7240618, 0.7240618, 0.7240618, 0.7240618, 0.7240618, 0.7240618, 0.7240618, 0.7240618, 0.7240618, 0.7240618, 0.7240618, 0.7240618, 0.7240618]",0.7448889017105103
38,10,32,100,0.1,"[0.2673309817085886, 0.2672872463285308, 0.26728702566590534, 0.26728700408156986, 0.2672870097995843, 0.26728700052426074, 0.2672869963180176, 0.2672869993579318, 0.267287001470339, 0.2672869931671337, 0.267286989419266, 0.26728700389913945, 0.26728699550996793, 0.2672870053573225, 0.2672869878249818]","[0.23693836708995153, 0.23693757986127673, 0.2369375070988737, 0.2369374939411155, 0.23693748736223638, 0.23693748736223638, 0.23693748736223638, 0.23693748736223638, 0.23693748736223638, 0.23693748736223638, 0.23693748736223638, 0.23693748736223638, 0.23693748736223638, 0.23693748736223638, 0.23693748736223638]","[0.72919226, 0.72919226, 0.72919226, 0.72919226, 0.72919226, 0.72919226, 0.72919226, 0.72919226, 0.72919226, 0.72919226, 0.72919226, 0.72919226, 0.72919226, 0.72919226, 0.72919226]","[0.7240618, 0.7240618, 0.7240618, 0.7240618, 0.7240618, 0.7240618, 0.7240618, 0.7240618, 0.7240618, 0.7240618, 0.7240618, 0.7240618, 0.7240618, 0.7240618, 0.7240618]",0.7448889017105103
39,10,32,500,0.001,"[0.26764685667003074, 0.26756803609070423, 0.26751062528612335, 0.2674679586979333, 0.2674353247448498, 0.26740979940511367, 0.26738964560837936, 0.2673732501599756, 0.2673598946186176, 0.2673489622755277, 0.26733988907765666, 0.26733243506326865, 0.26732609692111287, 0.26732080736559494, 0.26731630498471237]","[0.237278014421463, 0.23720601201057434, 0.23715408146381378, 0.23711466789245605, 0.23708432912826538, 0.23706069588661194, 0.23704133927822113, 0.2370254397392273, 0.23701247572898865, 0.23700161278247833, 0.23699280619621277, 0.23698537051677704, 0.23697903752326965, 0.2369736135005951, 0.23696905374526978]","[0.72919226, 0.72919226, 0.72919226, 0.72919226, 0.72919226, 0.72919226, 0.72919226, 0.72919226, 0.72919226, 0.72919226, 0.72919226, 0.72919226, 0.72919226, 0.72919226, 0.72919226]","[0.7240618, 0.7240618, 0.7240618, 0.7240618, 0.7240618, 0.7240618, 0.7240618, 0.7240618, 0.7240618, 0.7240618, 0.7240618, 0.7240618, 0.7240618, 0.7240618, 0.7240618]",0.7448889017105103
40,10,32,500,0.005,"[0.267536668906758, 0.2673759751009057, 0.26732358182527777, 0.267304842498219, 0.2672969031042705, 0.26729318145054315, 0.2672913820868536, 0.2672902903984432, 0.2672895804219535, 0.267289060319111, 0.2672886625792042, 0.26728838718759906, 0.2672881396666166, 0.2672879564331873, 0.2672878049410973]","[0.23707741498947144, 0.23699486255645752, 0.23696495592594147, 0.23695212602615356, 0.236946240067482, 0.23694324493408203, 0.2369416356086731, 0.23694069683551788, 0.23694004118442535, 0.23693957924842834, 0.2369391918182373, 0.23693889379501343, 0.23693865537643433, 0.2369384616613388, 0.23693831264972687]","[0.72919226, 0.72919226, 0.72919226, 0.72919226, 0.72919226, 0.72919226, 0.72919226, 0.72919226, 0.72919226, 0.72919226, 0.72919226, 0.72919226, 0.72919226, 0.72919226, 0.72919226]","[0.7240618, 0.7240618, 0.7240618, 0.7240618, 0.7240618, 0.7240618, 0.7240618, 0.7240618, 0.7240618, 0.7240618, 0.7240618, 0.7240618, 0.7240618, 0.7240618, 0.7240618]",0.7448889017105103
41,10,32,500,0.1,"[0.2674579829628802, 0.2673060093546706, 0.26729235772632853, 0.26728897635602494, 0.2672878429458266, 0.26728742515369186, 0.2672872131501126, 0.26728711315843884, 0.2672870807658827, 0.2672870486806424, 0.26728705596476027, 0.2672870010309915, 0.2672870361538622, 0.2672870178575923, 0.26728702598809384]","[0.23697562515735626, 0.23694613575935364, 0.236940398812294, 0.23693865537643433, 0.236938014626503, 0.2369377613067627, 0.23693762719631195, 0.23693755269050598, 0.2369375228881836, 0.2369375079870224, 0.2369374930858612, 0.2369374930858612, 0.2369374781847, 0.2369374781847, 0.2369374781847]","[0.72919226, 0.72919226, 0.72919226, 0.72919226, 0.72919226, 0.72919226, 0.72919226, 0.72919226, 0.72919226, 0.72919226, 0.72919226, 0.72919226, 0.72919226, 0.72919226, 0.72919226]","[0.7240618, 0.7240618, 0.7240618, 0.7240618, 0.7240618, 0.7240618, 0.7240618, 0.7240618, 0.7240618, 0.7240618, 0.7240618, 0.7240618, 0.7240618, 0.7240618, 0.7240618]",0.7448889017105103
42,10,32,800,0.001,"[0.2676063810260004, 0.26755421690820275, 0.26751180485955567, 0.26747837914769024, 0.26745147816882564, 0.26742978748542334, 0.2674119273187369, 0.2673968880117423, 0.2673840783252899, 0.26737313668030704, 0.26736366333201683, 0.26735543909103315, 0.2673483565577763, 0.2673422325573534, 0.26733686478282953]","[0.23725982010364532, 0.23720723390579224, 0.23716630041599274, 0.23713378608226776, 0.23710785806179047, 0.23708656430244446, 0.23706872761249542, 0.2370535284280777, 0.23704034090042114, 0.237029030919075, 0.23701921105384827, 0.23701071739196777, 0.2370034009218216, 0.23699705302715302, 0.23699139058589935]","[0.72919226, 0.72919226, 0.72919226, 0.72919226, 0.72919226, 0.72919226, 0.72919226, 0.72919226, 0.72919226, 0.72919226, 0.72919226, 0.72919226, 0.72919226, 0.72919226, 0.72919226]","[0.7240618, 0.7240618, 0.7240618, 0.7240618, 0.7240618, 0.7240618, 0.7240618, 0.7240618, 0.7240618, 0.7240618, 0.7240618, 0.7240618, 0.7240618, 0.7240618, 0.7240618]",0.7448889017105103
43,10,32,800,0.005,"[0.267628855777042, 0.26745877604270313, 0.26737945396777835, 0.2673407375388142, 0.2673192761496364, 0.26730714839710057, 0.26730067494194776, 0.2672971093680974, 0.26729485239644263, 0.2672931773273957, 0.267291952282183, 0.2672910853121881, 0.2672904106723627, 0.26728987046959884, 0.2672894644248465]","[0.23717232048511505, 0.2370651364326477, 0.23701223731040955, 0.23698385059833527, 0.23696734011173248, 0.23695780336856842, 0.236952543258667, 0.23694920539855957, 0.23694682121276855, 0.23694494366645813, 0.2369435727596283, 0.23694252967834473, 0.23694172501564026, 0.23694109916687012, 0.23694056272506714]","[0.72919226, 0.72919226, 0.72919226, 0.72919226, 0.72919226, 0.72919226, 0.72919226, 0.72919226, 0.72919226, 0.72919226, 0.72919226, 0.72919226, 0.72919226, 0.72919226, 0.72919226]","[0.7240618, 0.7240618, 0.7240618, 0.7240618, 0.7240618, 0.7240618, 0.7240618, 0.7240618, 0.7240618, 0.7240618, 0.7240618, 0.7240618, 0.7240618, 0.7240618, 0.7240618]",0.7448889017105103
44,10,32,800,0.1,"[0.2675014267733429, 0.2673356657001272, 0.26730194531990276, 0.2672942549890246, 0.26729104810157417, 0.2672892602280847, 0.2672882797148489, 0.2672878122142396, 0.26728752140562156, 0.26728735156238387, 0.2672872502652193, 0.26728718239231425, 0.26728714396319636, 0.2672870993466966, 0.26728710152799656]","[0.2370157390832901, 0.23695765435695648, 0.2369469404220581, 0.23694264888763428, 0.236940398812294, 0.23693908751010895, 0.2369384467601776, 0.23693810403347015, 0.23693789541721344, 0.2369377762079239, 0.23693768680095673, 0.23693762719631195, 0.23693759739398956, 0.23693756759166718, 0.23693755269050598]","[0.72919226, 0.72919226, 0.72919226, 0.72919226, 0.72919226, 0.72919226, 0.72919226, 0.72919226, 0.72919226, 0.72919226, 0.72919226, 0.72919226, 0.72919226, 0.72919226, 0.72919226]","[0.7240618, 0.7240618, 0.7240618, 0.7240618, 0.7240618, 0.7240618, 0.7240618, 0.7240618, 0.7240618, 0.7240618, 0.7240618, 0.7240618, 0.7240618, 0.7240618, 0.7240618]",0.7448889017105103
45,10,64,100,0.001,"[0.26751536997644804, 0.26736108358275484, 0.26731899518834557, 0.26730304236641106, 0.26729605310213195, 0.2672925911562334, 0.2672907521002948, 0.2672896990524523, 0.26728901083808754, 0.2672885471721518, 0.26728819649602087, 0.2672879409675231, 0.2672877455339346, 0.26728760674951507, 0.26728748893372384]","[0.23706742180367443, 0.23699103483301126, 0.23696354709187353, 0.23695163432072858, 0.2369459376693035, 0.2369429711211333, 0.23694128679650245, 0.23694026312291228, 0.2369395691827433, 0.23693909352978335, 0.2369387366913802, 0.23693847893089648, 0.23693828077505755, 0.23693812867137243, 0.236938016040962]","[0.72919226, 0.72919226, 0.72919226, 0.72919226, 0.72919226, 0.72919226, 0.72919226, 0.72919226, 0.72919226, 0.72919226, 0.72919226, 0.72919226, 0.72919226, 0.72919226, 0.72919226]","[0.7240618, 0.7240618, 0.7240618, 0.7240618, 0.7240618, 0.7240618, 0.7240618, 0.7240618, 0.7240618, 0.7240618, 0.7240618, 0.7240618, 0.7240618, 0.7240618, 0.7240618]",0.7448889017105103
46,10,64,100,0.005,"[0.2673700521579771, 0.2672910770747397, 0.26728823248664957, 0.26728749505382443, 0.2672872121922421, 0.26728708711880445, 0.26728702752947203, 0.2672869902174566, 0.26728698608866686, 0.26728699457582344, 0.26728700241113484, 0.2672869862262045, 0.26728698481521734, 0.2672869904336566, 0.2672869909198929]","[0.23694707857851952, 0.2369398397062525, 0.23693837327409792, 0.2369378643320096, 0.23693765920255885, 0.23693756670351848, 0.23693754696688116, 0.2369374939411155, 0.23693748736223638, 0.23693748736223638, 0.23693748736223638, 0.23693748736223638, 0.23693748736223638, 0.23693748736223638, 0.23693748736223638]","[0.72919226, 0.72919226, 0.72919226, 0.72919226, 0.72919226, 0.72919226, 0.72919226, 0.72919226, 0.72919226, 0.72919226, 0.72919226, 0.72919226, 0.72919226, 0.72919226, 0.72919226]","[0.7240618, 0.7240618, 0.7240618, 0.7240618, 0.7240618, 0.7240618, 0.7240618, 0.7240618, 0.7240618, 0.7240618, 0.7240618, 0.7240618, 0.7240618, 0.7240618, 0.7240618]",0.7448889017105103
47,10,64,100,0.1,"[0.26735659311181903, 0.2672876410928675, 0.26728715002578196, 0.26728706481742226, 0.26728701716654224, 0.26728700767958335, 0.2672870046064247, 0.2672870048491094, 0.2672869956588682, 0.2672869987941882, 0.2672869861638139, 0.2672869979616337, 0.2672869874297995, 0.267286993034022, 0.2672870078014621]","[0.23693955760391605, 0.23693773196496185, 0.23693757328239762, 0.23693754696688116, 0.2369375070988737, 0.2369374939411155, 0.2369374939411155, 0.23693748736223638, 0.23693748736223638, 0.23693748736223638, 0.23693748736223638, 0.23693748736223638, 0.23693748736223638, 0.23693748736223638, 0.23693748736223638]","[0.72919226, 0.72919226, 0.72919226, 0.72919226, 0.72919226, 0.72919226, 0.72919226, 0.72919226, 0.72919226, 0.72919226, 0.72919226, 0.72919226, 0.72919226, 0.72919226, 0.72919226]","[0.7240618, 0.7240618, 0.7240618, 0.7240618, 0.7240618, 0.7240618, 0.7240618, 0.7240618, 0.7240618, 0.7240618, 0.7240618, 0.7240618, 0.7240618, 0.7240618, 0.7240618]",0.7448889017105103
48,10,64,500,0.001,"[0.267720880085205, 0.267589654792681, 0.26750717373377797, 0.26745277314668436, 0.26741518692591126, 0.2673879113078498, 0.26736779572409836, 0.2673526536836798, 0.26734094532092784, 0.2673318212299931, 0.26732448959929866, 0.26731869882985476, 0.2673140077013822, 0.26731016157799087, 0.2673070484316381]","[0.23731958866119385, 0.23721282184123993, 0.23714490234851837, 0.23709817230701447, 0.23706412315368652, 0.237039253115654, 0.23702050745487213, 0.23700599372386932, 0.2369946390390396, 0.23698551952838898, 0.23697827756404877, 0.2369721233844757, 0.23696720600128174, 0.23696328699588776, 0.23695999383926392]","[0.72919226, 0.72919226, 0.72919226, 0.72919226, 0.72919226, 0.72919226, 0.72919226, 0.72919226, 0.72919226, 0.72919226, 0.72919226, 0.72919226, 0.72919226, 0.72919226, 0.72919226]","[0.7240618, 0.7240618, 0.7240618, 0.7240618, 0.7240618, 0.7240618, 0.7240618, 0.7240618, 0.7240618, 0.7240618, 0.7240618, 0.7240618, 0.7240618, 0.7240618, 0.7240618]",0.7448889017105103
49,10,64,500,0.005,"[0.2675386511837561, 0.26735669994036687, 0.2673134933928261, 0.26730007421625, 0.2672947804743787, 0.2672922866162404, 0.26729077376616145, 0.26728978262116215, 0.26728914322122554, 0.2672886921510397, 0.26728835982002325, 0.2672881123484308, 0.26728791528302975, 0.2672877473541275, 0.26728762648203963]","[0.23705635964870453, 0.23698052763938904, 0.2369581013917923, 0.23694899678230286, 0.23694482445716858, 0.23694255948066711, 0.23694124817848206, 0.23694030940532684, 0.2369396984577179, 0.2369392365217209, 0.23693889379501343, 0.23693862557411194, 0.23693841695785522, 0.2369382679462433, 0.23693813383579254]","[0.72919226, 0.72919226, 0.72919226, 0.72919226, 0.72919226, 0.72919226, 0.72919226, 0.72919226, 0.72919226, 0.72919226, 0.72919226, 0.72919226, 0.72919226, 0.72919226, 0.72919226]","[0.7240618, 0.7240618, 0.7240618, 0.7240618, 0.7240618, 0.7240618, 0.7240618, 0.7240618, 0.7240618, 0.7240618, 0.7240618, 0.7240618, 0.7240618, 0.7240618, 0.7240618]",0.7448889017105103
50,10,64,500,0.1,"[0.2675709480183323, 0.26731964792218105, 0.2672989630955986, 0.2672905030427329, 0.2672885755905202, 0.2672878348824435, 0.2672874522668678, 0.2672872929964278, 0.26728718366730925, 0.26728714239551954, 0.2672871055596881, 0.26728706813483455, 0.26728705195223623, 0.26728703661300673, 0.2672870356215472]","[0.23698820173740387, 0.23695634305477142, 0.23694288730621338, 0.23693960905075073, 0.23693859577178955, 0.23693807423114777, 0.23693783581256866, 0.23693770170211792, 0.23693762719631195, 0.23693758249282837, 0.23693755269050598, 0.2369375228881836, 0.2369375079870224, 0.2369374930858612, 0.2369374930858612]","[0.72919226, 0.72919226, 0.72919226, 0.72919226, 0.72919226, 0.72919226, 0.72919226, 0.72919226, 0.72919226, 0.72919226, 0.72919226, 0.72919226, 0.72919226, 0.72919226, 0.72919226]","[0.7240618, 0.7240618, 0.7240618, 0.7240618, 0.7240618, 0.7240618, 0.7240618, 0.7240618, 0.7240618, 0.7240618, 0.7240618, 0.7240618, 0.7240618, 0.7240618, 0.7240618]",0.7448889017105103
51,10,64,800,0.001,"[0.26773065496890047, 0.2676369588307189, 0.26756696012662257, 0.2675148447403415, 0.2674750469985361, 0.267443974400632, 0.26741944864052036, 0.2673996005279556, 0.2673834932836771, 0.267370230496559, 0.26735915254235354, 0.2673498986541801, 0.26734202446060684, 0.2673353553696344, 0.2673296087238322]","[0.23735672235488892, 0.23727156221866608, 0.2372090220451355, 0.23716183006763458, 0.23712503910064697, 0.2370959371328354, 0.23707231879234314, 0.23705293238162994, 0.2370370477437973, 0.23702372610569, 0.23701265454292297, 0.2370033860206604, 0.23699554800987244, 0.23698876798152924, 0.23698292672634125]","[0.72919226, 0.72919226, 0.72919226, 0.72919226, 0.72919226, 0.72919226, 0.72919226, 0.72919226, 0.72919226, 0.72919226, 0.72919226, 0.72919226, 0.72919226, 0.72919226, 0.72919226]","[0.7240618, 0.7240618, 0.7240618, 0.7240618, 0.7240618, 0.7240618, 0.7240618, 0.7240618, 0.7240618, 0.7240618, 0.7240618, 0.7240618, 0.7240618, 0.7240618, 0.7240618]",0.7448889017105103
52,10,64,800,0.005,"[0.26761068593598164, 0.2674108340974057, 0.2673436371372222, 0.26731761146346855, 0.2673056392258783, 0.26729937154948785, 0.26729600914801305, 0.2672936806449309, 0.2672921147974006, 0.2672910932940814, 0.26729032583315687, 0.2672897637139191, 0.267289266520743, 0.2672889178196687, 0.26728860242255315]","[0.23712176084518433, 0.23702141642570496, 0.2369808405637741, 0.2369629591703415, 0.23695392906665802, 0.23694927990436554, 0.23694607615470886, 0.23694387078285217, 0.23694251477718353, 0.23694157600402832, 0.23694080114364624, 0.23694021999835968, 0.23693974316120148, 0.23693940043449402, 0.23693911731243134]","[0.72919226, 0.72919226, 0.72919226, 0.72919226, 0.72919226, 0.72919226, 0.72919226, 0.72919226, 0.72919226, 0.72919226, 0.72919226, 0.72919226, 0.72919226, 0.72919226, 0.72919226]","[0.7240618, 0.7240618, 0.7240618, 0.7240618, 0.7240618, 0.7240618, 0.7240618, 0.7240618, 0.7240618, 0.7240618, 0.7240618, 0.7240618, 0.7240618, 0.7240618, 0.7240618]",0.7448889017105103
53,10,64,800,0.1,"[0.26765684355045755, 0.2673650447465871, 0.26731393142893867, 0.26730027613375246, 0.2672933238073031, 0.2672904265357153, 0.2672890038073943, 0.26728835643995963, 0.2672879863598995, 0.2672876950134787, 0.26728754921039083, 0.267287426258433, 0.2672873574160195, 0.26728727392488283, 0.26728722458971005]","[0.23708324134349823, 0.23697322607040405, 0.23695459961891174, 0.23694580793380737, 0.2369416058063507, 0.23693984746932983, 0.23693904280662537, 0.23693858087062836, 0.23693829774856567, 0.23693808913230896, 0.23693794012069702, 0.23693785071372986, 0.2369377762079239, 0.2369377166032791, 0.23693767189979553]","[0.72919226, 0.72919226, 0.72919226, 0.72919226, 0.72919226, 0.72919226, 0.72919226, 0.72919226, 0.72919226, 0.72919226, 0.72919226, 0.72919226, 0.72919226, 0.72919226, 0.72919226]","[0.7240618, 0.7240618, 0.7240618, 0.7240618, 0.7240618, 0.7240618, 0.7240618, 0.7240618, 0.7240618, 0.7240618, 0.7240618, 0.7240618, 0.7240618, 0.7240618, 0.7240618]",0.7448889017105103
54,15,16,100,0.001,"[0.271615312870346, 0.2715063117806138, 0.27145417771553165, 0.2714253322597099, 0.27140928598586356, 0.27140058284851587, 0.27139562815018425, 0.2713925679273651, 0.2713906379996973, 0.2713893259363318, 0.27138839978370427, 0.2713877356460988, 0.27138720616179235, 0.2713868041061726, 0.2713864777410803]","[0.23711317711844876, 0.23703852052457022, 0.23699763305403013, 0.23697397422053693, 0.23696075409453438, 0.2369533846973057, 0.23694887855984517, 0.23694603161569727, 0.23694407676755724, 0.2369426970450294, 0.2369416803450511, 0.23694089509004, 0.23694030759613507, 0.2369398520745452, 0.23693948207838383]","[0.72959685, 0.72959685, 0.72959685, 0.72959685, 0.72959685, 0.72959685, 0.72959685, 0.72959685, 0.72959685, 0.72959685, 0.72959685, 0.72959685, 0.72959685, 0.72959685, 0.72959685]","[0.7240618, 0.7240618, 0.7240618, 0.7240618, 0.7240618, 0.7240618, 0.7240618, 0.7240618, 0.7240618, 0.7240618, 0.7240618, 0.7240618, 0.7240618, 0.7240618, 0.7240618]",0.7446428537368774
55,15,16,100,0.005,"[0.27147064284828615, 0.27139269588381876, 0.27138757475775954, 0.27138614331868915, 0.2713855488228718, 0.27138524742914316, 0.27138508525409916, 0.2713849744498794, 0.2713849064112375, 0.27138484757015274, 0.27138482790184315, 0.2713848005048827, 0.2713847729194331, 0.2713847723649552, 0.27138476405094125]","[0.23695678992513525, 0.23694245981064854, 0.2369397201022302, 0.2369387165600101, 0.23693826064368748, 0.23693799630432466, 0.2369378310428813, 0.23693773196496185, 0.2369376394659215, 0.2369376061767932, 0.23693756670351848, 0.23693754696688116, 0.23693752683551106, 0.2369375070988737, 0.2369374939411155]","[0.72959685, 0.72959685, 0.72959685, 0.72959685, 0.72959685, 0.72959685, 0.72959685, 0.72959685, 0.72959685, 0.72959685, 0.72959685, 0.72959685, 0.72959685, 0.72959685, 0.72959685]","[0.7240618, 0.7240618, 0.7240618, 0.7240618, 0.7240618, 0.7240618, 0.7240618, 0.7240618, 0.7240618, 0.7240618, 0.7240618, 0.7240618, 0.7240618, 0.7240618, 0.7240618]",0.7446428537368774
56,15,16,100,0.1,"[0.27141103774693254, 0.2713849802141401, 0.27138481444037965, 0.27138477373281117, 0.2713847442130852, 0.27138475073935303, 0.2713847489684243, 0.2713847624240338, 0.2713847510817011, 0.2713847482741266, 0.27138475544739926, 0.27138474717050254, 0.27138475524058947, 0.271384745952045, 0.271384756219934]","[0.2369381097242006, 0.23693757328239762, 0.23693754696688116, 0.2369374939411155, 0.23693748736223638, 0.23693748736223638, 0.23693748736223638, 0.23693748736223638, 0.23693748736223638, 0.23693748736223638, 0.23693748736223638, 0.23693748736223638, 0.23693748736223638, 0.23693748736223638, 0.23693748736223638]","[0.72959685, 0.72959685, 0.72959685, 0.72959685, 0.72959685, 0.72959685, 0.72959685, 0.72959685, 0.72959685, 0.72959685, 0.72959685, 0.72959685, 0.72959685, 0.72959685, 0.72959685]","[0.7240618, 0.7240618, 0.7240618, 0.7240618, 0.7240618, 0.7240618, 0.7240618, 0.7240618, 0.7240618, 0.7240618, 0.7240618, 0.7240618, 0.7240618, 0.7240618, 0.7240618]",0.7446428537368774
57,15,16,500,0.001,"[0.27168699319867257, 0.27163992317772545, 0.2716023587313139, 0.27157211990160696, 0.2715466359928763, 0.27152532774445876, 0.27150728334628105, 0.27149187956433907, 0.271478626199411, 0.2714671548474269, 0.2714572672456532, 0.2714487356806839, 0.2714413536003733, 0.2714349736835928, 0.27142940190572185]","[0.237221822142601, 0.2371782660484314, 0.23714450001716614, 0.23711712658405304, 0.23709425330162048, 0.2370748370885849, 0.23705831170082092, 0.23704397678375244, 0.23703141510486603, 0.23702053725719452, 0.2370111495256424, 0.23700302839279175, 0.23699605464935303, 0.2369897961616516, 0.23698432743549347]","[0.72959685, 0.72959685, 0.72959685, 0.72959685, 0.72959685, 0.72959685, 0.72959685, 0.72959685, 0.72959685, 0.72959685, 0.72959685, 0.72959685, 0.72959685, 0.72959685, 0.72959685]","[0.7240618, 0.7240618, 0.7240618, 0.7240618, 0.7240618, 0.7240618, 0.7240618, 0.7240618, 0.7240618, 0.7240618, 0.7240618, 0.7240618, 0.7240618, 0.7240618, 0.7240618]",0.7446428537368774
58,15,16,500,0.005,"[0.27159040290477704, 0.27147546343893664, 0.2714307382972814, 0.27141176642540515, 0.27140211330812825, 0.2713966445746441, 0.27139333350952044, 0.27139128214229025, 0.2713899069274304, 0.2713889292431248, 0.27138818208139204, 0.27138759873279955, 0.27138712786086777, 0.27138673826216947, 0.271386437616224]","[0.23706813156604767, 0.2370012402534485, 0.23697593808174133, 0.23696230351924896, 0.23695345222949982, 0.23694847524166107, 0.23694558441638947, 0.23694369196891785, 0.23694245517253876, 0.23694157600402832, 0.23694084584712982, 0.23694026470184326, 0.23693981766700745, 0.2369394451379776, 0.23693913221359253]","[0.72959685, 0.72959685, 0.72959685, 0.72959685, 0.72959685, 0.72959685, 0.72959685, 0.72959685, 0.72959685, 0.72959685, 0.72959685, 0.72959685, 0.72959685, 0.72959685, 0.72959685]","[0.7240618, 0.7240618, 0.7240618, 0.7240618, 0.7240618, 0.7240618, 0.7240618, 0.7240618, 0.7240618, 0.7240618, 0.7240618, 0.7240618, 0.7240618, 0.7240618, 0.7240618]",0.7446428537368774
59,15,16,500,0.1,"[0.271502039498753, 0.2713996231255571, 0.27138926369580374, 0.271386303454491, 0.2713854617330236, 0.2713851171931217, 0.2713850141890281, 0.27138492809239617, 0.27138486188802513, 0.27138486184956345, 0.2713848414923355, 0.27138481117719043, 0.27138481906550177, 0.2713847959463575, 0.2713848028108551]","[0.23696434497833252, 0.2369452565908432, 0.2369396984577179, 0.23693855106830597, 0.2369379699230194, 0.23693779110908508, 0.23693767189979553, 0.23693761229515076, 0.23693758249282837, 0.23693755269050598, 0.2369375377893448, 0.2369375228881836, 0.2369375079870224, 0.2369375079870224, 0.2369374930858612]","[0.72959685, 0.72959685, 0.72959685, 0.72959685, 0.72959685, 0.72959685, 0.72959685, 0.72959685, 0.72959685, 0.72959685, 0.72959685, 0.72959685, 0.72959685, 0.72959685, 0.72959685]","[0.7240618, 0.7240618, 0.7240618, 0.7240618, 0.7240618, 0.7240618, 0.7240618, 0.7240618, 0.7240618, 0.7240618, 0.7240618, 0.7240618, 0.7240618, 0.7240618, 0.7240618]",0.7446428537368774
60,15,16,800,0.001,"[0.27163791968583356, 0.271609785546859, 0.2715854028069516, 0.27156439643342234, 0.2715459257921052, 0.2715299955277082, 0.271515983314012, 0.271503666406653, 0.2714927317235791, 0.27148313610837405, 0.2714745381823214, 0.27146682354201257, 0.271459912949021, 0.2714536250399512, 0.27144799084789983]","[0.23719234764575958, 0.23716425895690918, 0.2371399998664856, 0.23711863160133362, 0.23710021376609802, 0.2370842844247818, 0.2370704710483551, 0.2370583713054657, 0.23704777657985687, 0.2370382696390152, 0.23702986538410187, 0.23702238500118256, 0.23701566457748413, 0.23700951039791107, 0.23700390756130219]","[0.72959685, 0.72959685, 0.72959685, 0.72959685, 0.72959685, 0.72959685, 0.72959685, 0.72959685, 0.72959685, 0.72959685, 0.72959685, 0.72959685, 0.72959685, 0.72959685, 0.72959685]","[0.7240618, 0.7240618, 0.7240618, 0.7240618, 0.7240618, 0.7240618, 0.7240618, 0.7240618, 0.7240618, 0.7240618, 0.7240618, 0.7240618, 0.7240618, 0.7240618, 0.7240618]",0.7446428537368774
61,15,16,800,0.005,"[0.2717034605165967, 0.271572050204887, 0.2715001968390353, 0.27145633724176543, 0.27142865016631557, 0.2714120946538835, 0.27140227109633364, 0.2713968805683046, 0.2713937567896782, 0.2713918542322742, 0.2713904921459941, 0.2713894278338525, 0.27138867309077064, 0.2713880962821695, 0.27138760779694]","[0.23717813193798065, 0.2370867133140564, 0.23703297972679138, 0.23699767887592316, 0.23697522282600403, 0.23696114122867584, 0.2369532436132431, 0.23694874346256256, 0.23694607615470886, 0.236944317817688, 0.2369430810213089, 0.23694218695163727, 0.23694147169589996, 0.2369408756494522, 0.2369404137134552]","[0.72959685, 0.72959685, 0.72959685, 0.72959685, 0.72959685, 0.72959685, 0.72959685, 0.72959685, 0.72959685, 0.72959685, 0.72959685, 0.72959685, 0.72959685, 0.72959685, 0.72959685]","[0.7240618, 0.7240618, 0.7240618, 0.7240618, 0.7240618, 0.7240618, 0.7240618, 0.7240618, 0.7240618, 0.7240618, 0.7240618, 0.7240618, 0.7240618, 0.7240618, 0.7240618]",0.7446428537368774
62,15,16,800,0.1,"[0.27152990210607225, 0.2714119690416368, 0.271392867042369, 0.27138845899612923, 0.2713866498481577, 0.2713858225077609, 0.2713853185272967, 0.271385066490588, 0.2713849748798779, 0.2713848768702277, 0.27138485616638947, 0.2713848265838482, 0.2713848117119912, 0.2713847916386472, 0.2713847923126427]","[0.2369871437549591, 0.2369481921195984, 0.2369420826435089, 0.23693977296352386, 0.2369387298822403, 0.2369382530450821, 0.23693788051605225, 0.2369377166032791, 0.23693762719631195, 0.23693756759166718, 0.2369375377893448, 0.2369375228881836, 0.2369375079870224, 0.2369374930858612, 0.2369374930858612]","[0.72959685, 0.72959685, 0.72959685, 0.72959685, 0.72959685, 0.72959685, 0.72959685, 0.72959685, 0.72959685, 0.72959685, 0.72959685, 0.72959685, 0.72959685, 0.72959685, 0.72959685]","[0.7240618, 0.7240618, 0.7240618, 0.7240618, 0.7240618, 0.7240618, 0.7240618, 0.7240618, 0.7240618, 0.7240618, 0.7240618, 0.7240618, 0.7240618, 0.7240618, 0.7240618]",0.7446428537368774
63,15,32,100,0.001,"[0.27163701122016826, 0.2714889346806412, 0.27143403816558803, 0.27141079870823837, 0.27140018518862624, 0.2713948938139698, 0.2713919528891973, 0.2713901347224684, 0.2713889055606069, 0.2713880301179788, 0.2713873921259406, 0.2713868895334351, 0.27138649065697174, 0.2713862018281836, 0.2713859647004193]","[0.23710943649936195, 0.2370184671799868, 0.23697981100208712, 0.23696223078974035, 0.2369536069318422, 0.23694896645367014, 0.23694595345861338, 0.2369440376890153, 0.23694255270442163, 0.23694143074237747, 0.23694059904047984, 0.2369399457577838, 0.23693946392067747, 0.23693908734563696, 0.23693881642739503]","[0.72959685, 0.72959685, 0.72959685, 0.72959685, 0.72959685, 0.72959685, 0.72959685, 0.72959685, 0.72959685, 0.72959685, 0.72959685, 0.72959685, 0.72959685, 0.72959685, 0.72959685]","[0.7240618, 0.7240618, 0.7240618, 0.7240618, 0.7240618, 0.7240618, 0.7240618, 0.7240618, 0.7240618, 0.7240618, 0.7240618, 0.7240618, 0.7240618, 0.7240618, 0.7240618]",0.7446428537368774
64,15,32,100,0.005,"[0.27148748897345076, 0.2713909160685502, 0.2713867739253981, 0.2713856494054006, 0.271385208539992, 0.27138498372804865, 0.2713848894237331, 0.2713848093383549, 0.2713847722153757, 0.27138476764104097, 0.2713847613234824, 0.2713847395881583, 0.27138475816015045, 0.27138475115119576, 0.27138475615412183]","[0.23695276128272083, 0.2369410956142754, 0.23693893563668458, 0.23693816196050074, 0.23693782485873494, 0.23693766578143796, 0.23693757328239762, 0.23693754696688116, 0.2369375070988737, 0.2369374939411155, 0.23693748736223638, 0.23693748736223638, 0.23693748736223638, 0.23693748736223638, 0.23693748736223638]","[0.72959685, 0.72959685, 0.72959685, 0.72959685, 0.72959685, 0.72959685, 0.72959685, 0.72959685, 0.72959685, 0.72959685, 0.72959685, 0.72959685, 0.72959685, 0.72959685, 0.72959685]","[0.7240618, 0.7240618, 0.7240618, 0.7240618, 0.7240618, 0.7240618, 0.7240618, 0.7240618, 0.7240618, 0.7240618, 0.7240618, 0.7240618, 0.7240618, 0.7240618, 0.7240618]",0.7446428537368774
65,15,32,100,0.1,"[0.27142421141825224, 0.27138507405874535, 0.2713847802449279, 0.2713847756212859, 0.2713847608992296, 0.27138475906199044, 0.2713847490663086, 0.2713847454948288, 0.2713847489065448, 0.2713847479850842, 0.27138474033994964, 0.2713847463166755, 0.27138475693129965, 0.27138476065310424, 0.2713847449827551]","[0.23693849287812022, 0.23693757328239762, 0.2369375272302438, 0.2369374939411155, 0.23693748736223638, 0.23693748736223638, 0.23693748736223638, 0.23693748736223638, 0.23693748736223638, 0.23693748736223638, 0.23693748736223638, 0.23693748736223638, 0.23693748736223638, 0.23693748736223638, 0.23693748736223638]","[0.72959685, 0.72959685, 0.72959685, 0.72959685, 0.72959685, 0.72959685, 0.72959685, 0.72959685, 0.72959685, 0.72959685, 0.72959685, 0.72959685, 0.72959685, 0.72959685, 0.72959685]","[0.7240618, 0.7240618, 0.7240618, 0.7240618, 0.7240618, 0.7240618, 0.7240618, 0.7240618, 0.7240618, 0.7240618, 0.7240618, 0.7240618, 0.7240618, 0.7240618, 0.7240618]",0.7446428537368774
66,15,32,500,0.001,"[0.2717680698013411, 0.2716803456873669, 0.27161879252895144, 0.271572981044401, 0.27153779452353793, 0.2715100764554276, 0.27148817389410745, 0.27147053649160013, 0.2714564112640529, 0.2714449375201174, 0.2714356986792976, 0.2714282204595305, 0.27142208542824964, 0.2714170524676494, 0.271412873463]","[0.23729845881462097, 0.2372216135263443, 0.23716618120670319, 0.2371239960193634, 0.23709045350551605, 0.2370636910200119, 0.23704226315021515, 0.23702503740787506, 0.23701107501983643, 0.23699979484081268, 0.23699073493480682, 0.2369832992553711, 0.23697718977928162, 0.2369721531867981, 0.23696796596050262]","[0.72959685, 0.72959685, 0.72959685, 0.72959685, 0.72959685, 0.72959685, 0.72959685, 0.72959685, 0.72959685, 0.72959685, 0.72959685, 0.72959685, 0.72959685, 0.72959685, 0.72959685]","[0.7240618, 0.7240618, 0.7240618, 0.7240618, 0.7240618, 0.7240618, 0.7240618, 0.7240618, 0.7240618, 0.7240618, 0.7240618, 0.7240618, 0.7240618, 0.7240618, 0.7240618]",0.7446428537368774
67,15,32,500,0.005,"[0.2716553897625284, 0.271478170180946, 0.27142179033910396, 0.2714036007942, 0.2713961138544767, 0.2713924299434721, 0.27139029719673124, 0.27138905694361093, 0.27138826881069233, 0.2713876692926838, 0.2713871970552962, 0.27138680380456803, 0.2713864915893078, 0.2713862326373451, 0.2713860097563968]","[0.23709040880203247, 0.23699524998664856, 0.2369648665189743, 0.2369530200958252, 0.23694758117198944, 0.2369447946548462, 0.23694314062595367, 0.23694202303886414, 0.23694121837615967, 0.23694059252738953, 0.23694010078907013, 0.2369396984577179, 0.23693935573101044, 0.23693908751010895, 0.23693884909152985]","[0.72959685, 0.72959685, 0.72959685, 0.72959685, 0.72959685, 0.72959685, 0.72959685, 0.72959685, 0.72959685, 0.72959685, 0.72959685, 0.72959685, 0.72959685, 0.72959685, 0.72959685]","[0.7240618, 0.7240618, 0.7240618, 0.7240618, 0.7240618, 0.7240618, 0.7240618, 0.7240618, 0.7240618, 0.7240618, 0.7240618, 0.7240618, 0.7240618, 0.7240618, 0.7240618]",0.7446428537368774
68,15,32,500,0.1,"[0.27154900398629195, 0.2714037406739056, 0.27139066438664083, 0.2713868767793977, 0.2713856284992885, 0.27138517930729894, 0.2713849900185974, 0.27138488754747303, 0.2713848439154225, 0.27138482797945845, 0.2713848012870392, 0.27138479894270706, 0.27138475963851344, 0.27138478364960283, 0.2713847573179909]","[0.2369724065065384, 0.23694638907909393, 0.2369409203529358, 0.2369387447834015, 0.23693802952766418, 0.2369377762079239, 0.23693764209747314, 0.23693756759166718, 0.2369375377893448, 0.2369375228881836, 0.2369375079870224, 0.2369374930858612, 0.2369374781847, 0.2369374781847, 0.2369374781847]","[0.72959685, 0.72959685, 0.72959685, 0.72959685, 0.72959685, 0.72959685, 0.72959685, 0.72959685, 0.72959685, 0.72959685, 0.72959685, 0.72959685, 0.72959685, 0.72959685, 0.72959685]","[0.7240618, 0.7240618, 0.7240618, 0.7240618, 0.7240618, 0.7240618, 0.7240618, 0.7240618, 0.7240618, 0.7240618, 0.7240618, 0.7240618, 0.7240618, 0.7240618, 0.7240618]",0.7446428537368774
69,15,32,800,0.001,"[0.2717652896395358, 0.2717082602436212, 0.27166179194680123, 0.2716238168429953, 0.2715923703525622, 0.27156633868329993, 0.2715444260935282, 0.27152549070301546, 0.27150917199743413, 0.2714949383848185, 0.27148249697131577, 0.2714718303614779, 0.27146244230758004, 0.2714541628297451, 0.27144703309278]","[0.23731136322021484, 0.2372555434703827, 0.23721005022525787, 0.23717322945594788, 0.23714283108711243, 0.23711764812469482, 0.23709630966186523, 0.23707786202430725, 0.23706184327602386, 0.2370479702949524, 0.23703595995903015, 0.23702552914619446, 0.2370164394378662, 0.2370084673166275, 0.23700149357318878]","[0.72959685, 0.72959685, 0.72959685, 0.72959685, 0.72959685, 0.72959685, 0.72959685, 0.72959685, 0.72959685, 0.72959685, 0.72959685, 0.72959685, 0.72959685, 0.72959685, 0.72959685]","[0.7240618, 0.7240618, 0.7240618, 0.7240618, 0.7240618, 0.7240618, 0.7240618, 0.7240618, 0.7240618, 0.7240618, 0.7240618, 0.7240618, 0.7240618, 0.7240618, 0.7240618]",0.7446428537368774
70,15,32,800,0.005,"[0.27170682105811766, 0.2715452119629993, 0.2714679898472545, 0.271429985087647, 0.2714123864792793, 0.2714033110127688, 0.27139797425785833, 0.2713945345658234, 0.27139223946465385, 0.2713906268864841, 0.27138944631012024, 0.2713886070099083, 0.27138796281673916, 0.2713874850495108, 0.27138711859342973]","[0.23715917766094208, 0.23705486953258514, 0.23700115084648132, 0.23697660863399506, 0.23696403205394745, 0.23695647716522217, 0.23695145547389984, 0.23694805800914764, 0.2369457185268402, 0.2369440197944641, 0.23694275319576263, 0.23694182932376862, 0.2369411587715149, 0.23694059252738953, 0.23694013059139252]","[0.72959685, 0.72959685, 0.72959685, 0.72959685, 0.72959685, 0.72959685, 0.72959685, 0.72959685, 0.72959685, 0.72959685, 0.72959685, 0.72959685, 0.72959685, 0.72959685, 0.72959685]","[0.7240618, 0.7240618, 0.7240618, 0.7240618, 0.7240618, 0.7240618, 0.7240618, 0.7240618, 0.7240618, 0.7240618, 0.7240618, 0.7240618, 0.7240618, 0.7240618, 0.7240618]",0.7446428537368774
71,15,32,800,0.1,"[0.2715918725922396, 0.2714229532194231, 0.2713980342874133, 0.27139054911326516, 0.27138710707689806, 0.2713859650941022, 0.27138543524573333, 0.2713851785413635, 0.2713850407825459, 0.271384916488986, 0.27138487814450335, 0.2713848270715939, 0.27138480382917435, 0.27138482366808514, 0.27138479247381553]","[0.237000972032547, 0.23695647716522217, 0.23694567382335663, 0.23694054782390594, 0.23693908751010895, 0.23693834245204926, 0.23693804442882538, 0.23693788051605225, 0.23693770170211792, 0.23693759739398956, 0.23693755269050598, 0.2369375228881836, 0.2369375079870224, 0.2369374930858612, 0.2369374781847]","[0.72959685, 0.72959685, 0.72959685, 0.72959685, 0.72959685, 0.72959685, 0.72959685, 0.72959685, 0.72959685, 0.72959685, 0.72959685, 0.72959685, 0.72959685, 0.72959685, 0.72959685]","[0.7240618, 0.7240618, 0.7240618, 0.7240618, 0.7240618, 0.7240618, 0.7240618, 0.7240618, 0.7240618, 0.7240618, 0.7240618, 0.7240618, 0.7240618, 0.7240618, 0.7240618]",0.7446428537368774
72,15,64,100,0.001,"[0.2716573212906064, 0.27146727418051503, 0.2714180703128124, 0.27140134473752625, 0.2713944246530234, 0.2713911037535009, 0.2713892619506294, 0.2713881395734837, 0.27138737690690723, 0.27138680174179536, 0.27138638819414473, 0.2713860670599261, 0.2713858250771944, 0.2713856295580297, 0.2713854551034474]","[0.23708941670706205, 0.236995585312117, 0.2369651495752482, 0.2369530274641698, 0.23694728015537556, 0.23694420295045865, 0.2369423611274618, 0.23694117258716102, 0.23694031456974696, 0.23693969378671373, 0.23693927115951943, 0.23693890774223714, 0.23693863721872796, 0.2369384259051308, 0.23693824748592923]","[0.72959685, 0.72959685, 0.72959685, 0.72959685, 0.72959685, 0.72959685, 0.72959685, 0.72959685, 0.72959685, 0.72959685, 0.72959685, 0.72959685, 0.72959685, 0.72959685, 0.72959685]","[0.7240618, 0.7240618, 0.7240618, 0.7240618, 0.7240618, 0.7240618, 0.7240618, 0.7240618, 0.7240618, 0.7240618, 0.7240618, 0.7240618, 0.7240618, 0.7240618, 0.7240618]",0.7446428537368774
73,15,64,100,0.005,"[0.2714669374522721, 0.2713888907643882, 0.2713860163294901, 0.27138528775624227, 0.2713849980265647, 0.27138487887710716, 0.2713848054388402, 0.27138477798659055, 0.2713847649776897, 0.27138475668972134, 0.27138474872553486, 0.2713847659944389, 0.2713847604188661, 0.2713847545519818, 0.27138476353596563]","[0.23694747489019735, 0.23693982036434788, 0.23693839958961435, 0.2369378972264052, 0.23693768551807529, 0.23693759301903494, 0.23693754696688116, 0.2369374939411155, 0.2369374939411155, 0.23693748736223638, 0.23693748736223638, 0.23693748736223638, 0.23693748736223638, 0.23693748736223638, 0.23693748736223638]","[0.72959685, 0.72959685, 0.72959685, 0.72959685, 0.72959685, 0.72959685, 0.72959685, 0.72959685, 0.72959685, 0.72959685, 0.72959685, 0.72959685, 0.72959685, 0.72959685, 0.72959685]","[0.7240618, 0.7240618, 0.7240618, 0.7240618, 0.7240618, 0.7240618, 0.7240618, 0.7240618, 0.7240618, 0.7240618, 0.7240618, 0.7240618, 0.7240618, 0.7240618, 0.7240618]",0.7446428537368774
74,15,64,100,0.1,"[0.2714584891231673, 0.27138532855562475, 0.2713848954362862, 0.27138481746009363, 0.27138478595901044, 0.27138476838016595, 0.27138474470144924, 0.2713847614517086, 0.27138474704072413, 0.2713847528403891, 0.27138474410701696, 0.27138474328653855, 0.27138476972964565, 0.2713847510817011, 0.2713847535388678]","[0.2369393195800697, 0.23693771880720363, 0.23693757328239762, 0.23693754696688116, 0.2369375070988737, 0.2369374939411155, 0.23693748736223638, 0.23693748736223638, 0.23693748736223638, 0.23693748736223638, 0.23693748736223638, 0.23693748736223638, 0.23693748736223638, 0.23693748736223638, 0.23693748736223638]","[0.72959685, 0.72959685, 0.72959685, 0.72959685, 0.72959685, 0.72959685, 0.72959685, 0.72959685, 0.72959685, 0.72959685, 0.72959685, 0.72959685, 0.72959685, 0.72959685, 0.72959685]","[0.7240618, 0.7240618, 0.7240618, 0.7240618, 0.7240618, 0.7240618, 0.7240618, 0.7240618, 0.7240618, 0.7240618, 0.7240618, 0.7240618, 0.7240618, 0.7240618, 0.7240618]",0.7446428537368774
75,15,64,500,0.001,"[0.2717870855464995, 0.2716628629402894, 0.2715856431266375, 0.2715343806156367, 0.2714990303359904, 0.2714740661437181, 0.27145549809906333, 0.2714416935523439, 0.2714310551324132, 0.2714228324167203, 0.2714163971792244, 0.2714112741784591, 0.2714071787835164, 0.27140392561240767, 0.27140126420567756]","[0.23729875683784485, 0.23719602823257446, 0.23713046312332153, 0.23708531260490417, 0.2370537519454956, 0.23703016340732574, 0.23701240122318268, 0.23699858784675598, 0.23698793351650238, 0.23697952926158905, 0.23697273433208466, 0.23696742951869965, 0.23696313798427582, 0.2369595617055893, 0.2369566559791565]","[0.72959685, 0.72959685, 0.72959685, 0.72959685, 0.72959685, 0.72959685, 0.72959685, 0.72959685, 0.72959685, 0.72959685, 0.72959685, 0.72959685, 0.72959685, 0.72959685, 0.72959685]","[0.7240618, 0.7240618, 0.7240618, 0.7240618, 0.7240618, 0.7240618, 0.7240618, 0.7240618, 0.7240618, 0.7240618, 0.7240618, 0.7240618, 0.7240618, 0.7240618, 0.7240618]",0.7446428537368774
76,15,64,500,0.005,"[0.27167510202442063, 0.27145882082357636, 0.27141017963855196, 0.2713980583754261, 0.27139265080100256, 0.27138978929323904, 0.27138822916950095, 0.2713873040850477, 0.27138669435843277, 0.2713862703517885, 0.2713859650776186, 0.2713857271334004, 0.27138556036415534, 0.27138539239024284, 0.2713852939997216]","[0.23706649243831635, 0.23697955906391144, 0.23695720732212067, 0.2369489222764969, 0.23694463074207306, 0.2369420975446701, 0.23694069683551788, 0.23693989217281342, 0.23693935573101044, 0.2369389683008194, 0.23693867027759552, 0.23693843185901642, 0.2369382530450821, 0.23693811893463135, 0.2369379997253418]","[0.72959685, 0.72959685, 0.72959685, 0.72959685, 0.72959685, 0.72959685, 0.72959685, 0.72959685, 0.72959685, 0.72959685, 0.72959685, 0.72959685, 0.72959685, 0.72959685, 0.72959685]","[0.7240618, 0.7240618, 0.7240618, 0.7240618, 0.7240618, 0.7240618, 0.7240618, 0.7240618, 0.7240618, 0.7240618, 0.7240618, 0.7240618, 0.7240618, 0.7240618, 0.7240618]",0.7446428537368774
77,15,64,500,0.1,"[0.2716757880053103, 0.27141980466175397, 0.2713953880785489, 0.27138832314425276, 0.2713863025607144, 0.2713855636125703, 0.27138524375775336, 0.271385071306483, 0.2713849695001966, 0.2713849096208254, 0.27138488451449333, 0.2713848622323489, 0.27138483040804007, 0.2713848152083428, 0.2713848138467691]","[0.23700061440467834, 0.23695389926433563, 0.23694263398647308, 0.23693965375423431, 0.23693856596946716, 0.23693808913230896, 0.23693785071372986, 0.2369377315044403, 0.23693765699863434, 0.23693761229515076, 0.23693758249282837, 0.23693755269050598, 0.2369375377893448, 0.2369375228881836, 0.2369375079870224]","[0.72959685, 0.72959685, 0.72959685, 0.72959685, 0.72959685, 0.72959685, 0.72959685, 0.72959685, 0.72959685, 0.72959685, 0.72959685, 0.72959685, 0.72959685, 0.72959685, 0.72959685]","[0.7240618, 0.7240618, 0.7240618, 0.7240618, 0.7240618, 0.7240618, 0.7240618, 0.7240618, 0.7240618, 0.7240618, 0.7240618, 0.7240618, 0.7240618, 0.7240618, 0.7240618]",0.7446428537368774
78,15,64,800,0.001,"[0.27185429915448794, 0.27175035684336535, 0.2716760423067397, 0.27162096982743067, 0.27157895171509394, 0.27154595081819427, 0.2715199535663149, 0.2714992113111059, 0.2714822837483405, 0.271468258068156, 0.27145657749185403, 0.2714468162592771, 0.2714387673075103, 0.2714319497552007, 0.2714262682076401]","[0.23739191889762878, 0.23729608952999115, 0.2372273951768875, 0.23717552423477173, 0.23713544011116028, 0.23710377514362335, 0.23707833886146545, 0.23705776035785675, 0.23704083263874054, 0.2370266169309616, 0.2370145618915558, 0.2370046228170395, 0.23699629306793213, 0.23698928952217102, 0.23698337376117706]","[0.72959685, 0.72959685, 0.72959685, 0.72959685, 0.72959685, 0.72959685, 0.72959685, 0.72959685, 0.72959685, 0.72959685, 0.72959685, 0.72959685, 0.72959685, 0.72959685, 0.72959685]","[0.7240618, 0.7240618, 0.7240618, 0.7240618, 0.7240618, 0.7240618, 0.7240618, 0.7240618, 0.7240618, 0.7240618, 0.7240618, 0.7240618, 0.7240618, 0.7240618, 0.7240618]",0.7446428537368774
79,15,64,800,0.005,"[0.2717123996374422, 0.2715054151925451, 0.2714382226605448, 0.27141381672701653, 0.27140278758200925, 0.2713966813879848, 0.27139315029169203, 0.2713912155775897, 0.2713898775405566, 0.27138876646214205, 0.2713879526188943, 0.2713873549021099, 0.2713869135815837, 0.2713865851699544, 0.27138629057531627]","[0.23712308704853058, 0.23701828718185425, 0.23697876930236816, 0.23696213960647583, 0.23695357143878937, 0.23694868385791779, 0.23694594204425812, 0.23694412410259247, 0.2369426041841507, 0.23694151639938354, 0.23694074153900146, 0.2369401454925537, 0.2369396686553955, 0.23693931102752686, 0.23693904280662537]","[0.72959685, 0.72959685, 0.72959685, 0.72959685, 0.72959685, 0.72959685, 0.72959685, 0.72959685, 0.72959685, 0.72959685, 0.72959685, 0.72959685, 0.72959685, 0.72959685, 0.72959685]","[0.7240618, 0.7240618, 0.7240618, 0.7240618, 0.7240618, 0.7240618, 0.7240618, 0.7240618, 0.7240618, 0.7240618, 0.7240618, 0.7240618, 0.7240618, 0.7240618, 0.7240618]",0.7446428537368774
80,15,64,800,0.1,"[0.27179093411304023, 0.27147733489282017, 0.2714120502848078, 0.27139648932642213, 0.27139133537296234, 0.2713884363951246, 0.27138684237557753, 0.27138606232527784, 0.27138564482902705, 0.27138538009531965, 0.27138525534754543, 0.2713851316254165, 0.2713850617643186, 0.27138501707548707, 0.2713849633609768]","[0.2371063530445099, 0.23697777092456818, 0.2369527965784073, 0.23694579303264618, 0.23694200813770294, 0.23694005608558655, 0.23693901300430298, 0.2369384765625, 0.23693819344043732, 0.236938014626503, 0.23693789541721344, 0.23693780601024628, 0.2369377464056015, 0.23693770170211792, 0.23693767189979553]","[0.72959685, 0.72959685, 0.72959685, 0.72959685, 0.72959685, 0.72959685, 0.72959685, 0.72959685, 0.72959685, 0.72959685, 0.72959685, 0.72959685, 0.72959685, 0.72959685, 0.72959685]","[0.7240618, 0.7240618, 0.7240618, 0.7240618, 0.7240618, 0.7240618, 0.7240618, 0.7240618, 0.7240618, 0.7240618, 0.7240618, 0.7240618, 0.7240618, 0.7240618, 0.7240618]",0.7446428537368774
